School Year,School ID,Total,# Bilingual,% Bilingual,# SpED,% SpED,# Free/Reduced Lunch,% Free/Reduced Lunch
2017,610212,277,56,0.2022,42,0.1516,264,0.9531
2017,610209,921,522,0.5668,99,0.1075,842,0.9142
2017,609836,849,159,0.1873,104,0.1225,404,0.4759
2017,609729,1812,320,0.1766,336,0.1854,1649,0.9100
2017,610083,173,66,0.3815,114,0.6590,95,0.5491
2017,610564,730,11,0.0151,77,0.1055,432,0.5918
2017,610515,428,60,0.1402,36,0.0841,108,0.2523
2017,610523,564,47,0.0833,91,0.1613,102,0.1809
2017,610137,705,200,0.2837,85,0.1206,463,0.6567
2017,609874,884,440,0.4977,102,0.1154,585,0.6618
2017,610163,239,27,0.1130,104,0.4351,39,0.1632
2017,609737,1737,29,0.0167,98,0.0564,1302,0.7496
2017,609857,615,232,0.3772,157,0.2553,524,0.8520
2017,610182,360,114,0.3167,82,0.2278,199,0.5528
2017,609972,957,614,0.6416,119,0.1243,847,0.8851
2017,609798,559,133,0.2379,56,0.1002,362,0.6476
2017,609766,206,70,0.3398,206,1.0000,157,0.7621
2017,609912,638,213,0.3339,171,0.2680,399,0.6254
2017,609796,1101,198,0.1798,111,0.1008,540,0.4905
2017,610089,561,162,0.2888,88,0.1569,442,0.7879
2017,610111,833,282,0.3385,104,0.1248,636,0.7635
2017,609937,790,174,0.2203,97,0.1228,318,0.4025
2017,610159,800,327,0.4088,89,0.1113,723,0.9038
2017,610127,879,292,0.3322,109,0.1240,629,0.7156
2017,609792,1061,376,0.3544,132,0.1244,900,0.8483
2017,609810,1105,301,0.2724,115,0.1041,722,0.6534
2017,610354,327,169,0.5168,74,0.2263,268,0.8196
2017,609749,1069,6,0.0056,63,0.0589,441,0.4125
2017,609744,228,66,0.2895,228,1.0000,185,0.8114
2017,610099,411,20,0.0487,62,0.1509,73,0.1776
2017,610201,840,78,0.0929,91,0.1083,379,0.4512
2017,610105,733,74,0.1010,82,0.1119,158,0.2156
2017,609988,548,294,0.5365,70,0.1277,473,0.8631
2017,610145,852,305,0.3580,174,0.2042,647,0.7594
2017,610135,933,135,0.1447,122,0.1308,713,0.7642
2017,609995,593,140,0.2361,82,0.1383,325,0.5481
2017,610155,583,98,0.1681,56,0.0961,161,0.2762
2017,609728,1198,312,0.2604,244,0.2037,1094,0.9132
2017,609794,275,2,0.0073,12,0.0436,28,0.1018
2017,610230,487,36,0.0739,59,0.1211,67,0.1376
2017,609884,788,208,0.2640,88,0.1117,459,0.5825
2017,609994,1048,531,0.5067,129,0.1231,980,0.9351
2017,609734,3289,196,0.0596,402,0.1222,1747,0.5312
2017,610104,639,67,0.1049,87,0.1362,220,0.3443
2017,609949,1228,329,0.2679,162,0.1319,1044,0.8502
2017,609804,830,403,0.4855,97,0.1169,717,0.8639
2017,609859,1173,552,0.4706,82,0.0699,945,0.8056
2017,609852,606,143,0.2360,104,0.1716,391,0.6452
2017,609918,199,56,0.2814,32,0.1608,185,0.9296
2017,609779,1433,472,0.3294,140,0.0977,1291,0.9009
2017,610196,686,312,0.4548,97,0.1414,495,0.7216
2017,610122,1028,187,0.1819,97,0.0944,650,0.6323
2017,610070,737,190,0.2578,187,0.2537,623,0.8453
2017,609866,948,57,0.0601,109,0.1150,209,0.2205
2017,610269,421,147,0.3492,107,0.2542,360,0.8551
2017,609865,508,221,0.4350,78,0.1535,435,0.8563
2017,610242,398,140,0.3518,84,0.2111,319,0.8015
2017,610022,793,426,0.5372,166,0.2093,655,0.8260
2017,609719,1298,62,0.0478,194,0.1495,1071,0.8251
2017,609817,790,384,0.4861,71,0.0899,554,0.7013
2017,610355,456,115,0.2522,143,0.3136,393,0.8618
2017,610011,875,223,0.2549,118,0.1349,564,0.6446
2017,610284,683,343,0.5022,90,0.1318,541,0.7921
2017,609730,1415,232,0.1640,190,0.1343,1160,0.8198
2017,610147,783,296,0.3780,107,0.1367,591,0.7548
2017,610141,549,46,0.0838,61,0.1111,226,0.4117
2017,609695,1172,114,0.0973,137,0.1169,996,0.8498
2017,609733,626,224,0.3578,156,0.2492,534,0.8530
2017,609880,292,1,0.0034,15,0.0514,40,0.1370
2017,609933,363,109,0.3003,65,0.1791,341,0.9394
2017,609976,1049,479,0.4566,122,0.1163,891,0.8494
2017,609724,1502,398,0.2650,172,0.1145,1270,0.8455
2017,610191,626,96,0.1534,52,0.0831,309,0.4936
2017,610220,634,83,0.1309,52,0.0820,241,0.3801
2017,610394,301,29,0.0963,108,0.3588,282,0.9369
2017,610542,796,349,0.4384,90,0.1131,695,0.8731
2017,609945,727,314,0.4319,84,0.1155,577,0.7937
2017,609922,575,392,0.6817,77,0.1339,524,0.9113
2017,609679,1377,75,0.0545,179,0.1300,1053,0.7647
2017,609732,1374,232,0.1689,256,0.1863,1246,0.9068
2017,609904,638,6,0.0094,117,0.1834,546,0.8558
2017,609708,894,201,0.2248,179,0.2002,842,0.9418
2017,610235,876,58,0.0662,114,0.1301,830,0.9475
2017,610165,855,464,0.5427,93,0.1088,795,0.9298
2017,610245,175,2,0.0114,58,0.3314,166,0.9486
2017,610305,479,1,0.0021,75,0.1566,435,0.9081
2017,609795,250,37,0.1480,26,0.1040,220,0.8800
2017,610068,1541,671,0.4354,255,0.1655,1453,0.9429
2017,610158,459,56,0.1220,56,0.1220,309,0.6732
2017,610092,336,5,0.0149,35,0.1042,300,0.8929
2017,609975,425,17,0.0400,40,0.0941,406,0.9553
2017,610043,404,24,0.0594,47,0.1163,372,0.9208
2017,610041,1359,399,0.2936,197,0.1450,1171,0.8617
2017,609910,1207,518,0.4292,145,0.1201,1107,0.9171
2017,609818,934,350,0.3747,125,0.1338,873,0.9347
2017,610539,972,366,0.3765,117,0.1204,791,0.8138
2017,610046,1504,473,0.3145,181,0.1203,1396,0.9282
2017,610244,548,6,0.0109,67,0.1223,526,0.9599
2017,609830,539,16,0.0297,73,0.1354,503,0.9332
2017,610051,492,124,0.2520,66,0.1341,475,0.9654
2017,610367,614,8,0.0130,113,0.1840,592,0.9642
2017,610183,696,4,0.0057,87,0.1250,683,0.9813
2017,610518,304,5,0.0164,78,0.2566,289,0.9507
2017,610038,853,75,0.0879,46,0.0539,139,0.1630
2017,609720,4195,22,0.0052,190,0.0453,2099,0.5004
2017,609799,961,42,0.0437,104,0.1082,136,0.1415
2017,610039,648,197,0.3040,92,0.1420,513,0.7917
2017,609875,523,198,0.3786,82,0.1568,424,0.8107
2017,610402,196,1,0.0051,3,0.0153,135,0.6888
2017,610541,858,370,0.4312,129,0.1503,791,0.9219
2017,610144,998,436,0.4369,117,0.1172,927,0.9289
2017,609926,365,12,0.0329,42,0.1151,146,0.4000
2017,609930,449,177,0.3942,66,0.1470,435,0.9688
2017,610010,344,62,0.1802,66,0.1919,208,0.6047
2017,610048,356,4,0.0112,66,0.1854,317,0.8904
2017,609850,614,153,0.2492,62,0.1010,495,0.8062
2017,610078,716,216,0.3017,68,0.0950,355,0.4958
2017,609803,884,59,0.0667,86,0.0973,147,0.1663
2017,610074,899,256,0.2848,107,0.1190,824,0.9166
2017,609942,790,129,0.1633,96,0.1215,560,0.7089
2017,609789,726,287,0.3953,68,0.0937,610,0.8402
2017,609782,560,30,0.0536,56,0.1000,118,0.2107
2017,609716,533,159,0.2983,96,0.1801,510,0.9568
2017,610033,563,17,0.0302,65,0.1155,174,0.3091
2017,610325,777,255,0.3282,88,0.1133,722,0.9292
2017,609809,475,100,0.2105,66,0.1389,333,0.7011
2017,610094,822,92,0.1119,80,0.0973,183,0.2226
2017,609774,640,31,0.0484,59,0.0922,80,0.1250
2017,610524,331,19,0.0574,41,0.1239,263,0.7946
2017,610059,730,26,0.0356,72,0.0986,105,0.1438
2017,609853,458,176,0.3843,98,0.2140,408,0.8908
2017,609968,764,279,0.3652,94,0.1230,669,0.8757
2017,610095,574,37,0.0645,90,0.1568,339,0.5906
2017,610136,375,53,0.1413,46,0.1227,154,0.4107
2017,610097,883,416,0.4711,102,0.1155,847,0.9592
2017,610088,710,290,0.4085,90,0.1268,677,0.9535
2017,610334,416,12,0.0288,114,0.2740,407,0.9784
2017,610342,602,104,0.1728,68,0.1130,518,0.8605
2017,610131,144,28,0.1944,22,0.1528,139,0.9653
2017,610005,275,,,34,0.1236,262,0.9527
2017,610194,267,,,30,0.1124,248,0.9288
2017,609863,294,111,0.3776,28,0.0952,221,0.7517
2017,609873,305,7,0.0230,42,0.1377,271,0.8885
2017,609835,783,207,0.2644,112,0.1430,758,0.9681
2017,610221,311,,,33,0.1061,228,0.7331
2017,610503,252,,,25,0.0992,218,0.8651
2017,609854,461,143,0.3102,115,0.2495,404,0.8764
2017,610293,509,,,66,0.1297,495,0.9725
2017,610202,346,3,0.0087,43,0.1243,307,0.8873
2017,609693,1150,16,0.0139,75,0.0652,921,0.8009
2017,610192,692,268,0.3873,121,0.1749,665,0.9610
2017,609985,368,,,41,0.1114,357,0.9701
2017,609797,482,,,63,0.1307,418,0.8672
2017,610044,509,157,0.3084,138,0.2711,481,0.9450
2017,610271,450,9,0.0200,61,0.1356,403,0.8956
2017,609723,370,,,107,0.2892,365,0.9865
2017,609954,356,,,61,0.1713,342,0.9607
2017,610313,656,63,0.0960,89,0.1357,565,0.8613
2017,609925,347,,,19,0.0548,301,0.8674
2017,610133,513,8,0.0156,54,0.1053,460,0.8967
2017,610034,301,,,27,0.0897,299,0.9934
2017,609907,467,2,0.0043,38,0.0814,405,0.8672
2017,609722,177,2,0.0113,47,0.2655,156,0.8814
2017,610055,306,1,0.0033,50,0.1634,305,0.9967
2017,609691,961,189,0.1967,155,0.1613,905,0.9417
2017,610234,508,159,0.3130,159,0.3130,461,0.9075
2017,610056,370,1,0.0027,52,0.1405,331,0.8946
2017,610100,648,219,0.3380,80,0.1235,568,0.8765
2017,610251,394,2,0.0051,76,0.1929,357,0.9061
2017,610123,362,17,0.0470,98,0.2707,331,0.9144
2017,610229,747,48,0.0643,71,0.0950,359,0.4806
2017,609947,449,86,0.1915,48,0.1069,394,0.8775
2017,610060,561,54,0.0963,36,0.0642,235,0.4189
2017,609996,498,123,0.2470,57,0.1145,427,0.8574
2017,610012,238,,,43,0.1807,228,0.9580
2017,610009,577,80,0.1386,54,0.0936,343,0.5945
2017,610062,366,62,0.1694,81,0.2213,324,0.8852
2017,610107,497,164,0.3300,133,0.2676,446,0.8974
2017,610217,558,234,0.4194,37,0.0663,403,0.7222
2017,609959,671,232,0.3458,19,0.0283,553,0.8241
2017,610180,436,8,0.0183,76,0.1743,399,0.9151
2017,609828,445,60,0.1348,50,0.1124,172,0.3865
2017,610081,563,49,0.0870,36,0.0639,264,0.4689
2017,610529,716,34,0.0475,87,0.1215,370,0.5168
2017,609777,274,86,0.3139,43,0.1569,232,0.8467
2017,610138,911,150,0.1647,78,0.0856,681,0.7475
2017,609769,119,34,0.2857,119,1.0000,109,0.9160
2017,610561,590,5,0.0085,23,0.0390,511,0.8661
2017,609979,1472,366,0.2486,81,0.0550,1254,0.8519
2017,610252,309,4,0.0129,101,0.3269,299,0.9676
2017,610029,232,115,0.4957,65,0.2802,203,0.8750
2017,610250,366,133,0.3634,71,0.1940,290,0.7923
2017,609750,64,3,0.0469,10,0.1563,63,0.9844
2017,610548,461,33,0.0716,26,0.0564,155,0.3362
2017,610405,411,17,0.0414,47,0.1144,207,0.5036
2017,609896,353,13,0.0368,21,0.0595,99,0.2805
2017,610121,478,31,0.0649,81,0.1695,421,0.8808
2017,610101,836,124,0.1483,64,0.0766,173,0.2069
2017,609812,286,11,0.0385,85,0.2972,249,0.8706
2017,610308,93,37,0.3978,84,0.9032,70,0.7527
2017,609966,458,200,0.4367,91,0.1987,436,0.9520
2017,610063,794,381,0.4798,81,0.1020,691,0.8703
2017,609870,544,215,0.3952,74,0.1360,462,0.8493
2017,609704,843,217,0.2574,186,0.2206,809,0.9597
2017,610227,1035,524,0.5063,84,0.0812,936,0.9043
2017,610215,336,54,0.1607,54,0.1607,327,0.9732
2017,609920,660,309,0.4682,70,0.1061,649,0.9833
2017,610383,304,70,0.2303,64,0.2105,288,0.9474
2017,610384,409,48,0.1174,56,0.1369,387,0.9462
2017,610125,773,225,0.2911,87,0.1125,661,0.8551
2017,610216,365,88,0.2411,72,0.1973,314,0.8603
2017,610228,269,176,0.6543,32,0.1190,241,0.8959
2017,610184,596,258,0.4329,84,0.1409,520,0.8725
2017,609950,596,372,0.6242,58,0.0973,516,0.8658
2017,609938,1118,455,0.4070,165,0.1476,1047,0.9365
2017,610015,291,130,0.4467,71,0.2440,267,0.9175
2017,610129,475,189,0.3979,72,0.1516,455,0.9579
2017,610024,614,327,0.5326,78,0.1270,594,0.9674
2017,609834,834,399,0.4784,95,0.1139,813,0.9748
2017,609872,311,92,0.2958,41,0.1318,279,0.8971
2017,610017,1085,384,0.3539,117,0.1078,972,0.8959
2017,610385,251,68,0.2709,64,0.2550,245,0.9761
2017,610329,568,189,0.3327,73,0.1285,497,0.8750
2017,609867,493,282,0.5720,76,0.1542,435,0.8824
2017,610013,360,131,0.3639,96,0.2667,329,0.9139
2017,609826,611,125,0.2046,92,0.1506,598,0.9787
2017,610357,162,40,0.2469,32,0.1975,157,0.9691
2017,609921,288,189,0.6563,55,0.1910,245,0.8507
2017,609967,428,144,0.3364,78,0.1822,402,0.9393
2017,610392,340,70,0.2059,46,0.1353,334,0.9824
2017,609993,474,176,0.3713,54,0.1139,427,0.9008
2017,610563,1044,98,0.0939,86,0.0824,1010,0.9674
2017,610317,490,189,0.3857,42,0.0857,449,0.9163
2017,610353,807,438,0.5428,104,0.1289,687,0.8513
2017,610170,1165,440,0.3777,104,0.0893,1026,0.8807
2017,609909,200,80,0.4000,27,0.1350,185,0.9250
2017,609735,280,11,0.0393,104,0.3714,265,0.9464
2017,609682,252,63,0.2500,69,0.2738,214,0.8492
2017,610319,303,52,0.1716,44,0.1452,288,0.9505
2017,609709,336,68,0.2024,66,0.1964,319,0.9494
2017,610532,1045,181,0.1732,132,0.1263,1009,0.9656
2017,609983,692,423,0.6113,94,0.1358,654,0.9451
2017,610174,957,406,0.4242,88,0.0920,930,0.9718
2017,610559,654,100,0.1529,125,0.1911,641,0.9801
2017,609829,481,172,0.3576,53,0.1102,406,0.8441
2017,609964,610,312,0.5115,81,0.1328,595,0.9754
2017,609694,892,33,0.0370,50,0.0561,805,0.9025
2017,610117,1266,398,0.3144,126,0.0995,1147,0.9060
2017,609756,2951,284,0.0962,289,0.0979,2722,0.9224
2017,609876,776,408,0.5258,96,0.1237,757,0.9755
2017,609952,554,231,0.4170,57,0.1029,500,0.9025
2017,610239,612,296,0.4837,50,0.0817,600,0.9804
2017,610157,1660,535,0.3223,120,0.0723,1521,0.9163
2017,610226,1014,525,0.5178,81,0.0799,939,0.9260
2017,609715,2075,486,0.2342,347,0.1672,1951,0.9402
2017,610504,161,116,0.7205,55,0.3416,78,0.4845
2017,609855,390,181,0.4641,224,0.5744,337,0.8641
2017,610167,738,296,0.4011,72,0.0976,688,0.9322
2017,610175,355,23,0.0648,29,0.0817,266,0.7493
2017,609969,330,20,0.0606,50,0.1515,236,0.7152
2017,610381,376,7,0.0186,58,0.1543,353,0.9388
2017,610345,342,5,0.0146,65,0.1901,315,0.9211
2017,610030,285,5,0.0175,44,0.1544,242,0.8491
2017,610380,237,2,0.0084,28,0.1181,228,0.9620
2017,609751,642,13,0.0202,63,0.0981,488,0.7601
2017,609819,435,,,57,0.1310,377,0.8667
2017,610246,1353,3,0.0022,83,0.0613,1090,0.8056
2017,610065,360,,,54,0.1500,353,0.9806
2017,609713,745,4,0.0054,153,0.2054,720,0.9664
2017,610110,392,2,0.0051,21,0.0536,345,0.8801
2017,610276,381,5,0.0131,32,0.0840,327,0.8583
2017,610256,130,2,0.0154,12,0.0923,101,0.7769
2017,609891,287,3,0.0105,33,0.1150,256,0.8920
2017,610213,576,2,0.0035,67,0.1163,480,0.8333
2017,609894,418,2,0.0048,74,0.1770,380,0.9091
2017,609919,464,1,0.0022,43,0.0927,432,0.9310
2017,610126,628,16,0.0255,63,0.1003,472,0.7516
2017,609746,1784,17,0.0095,105,0.0589,1073,0.6015
2017,610237,406,3,0.0074,61,0.1502,404,0.9951
2017,609676,561,7,0.0125,142,0.2531,550,0.9804
2017,610090,520,12,0.0231,45,0.0865,289,0.5558
2017,609987,225,3,0.0133,76,0.3378,213,0.9467
2017,610587,149,1,0.0067,22,0.1477,131,0.8792
2017,610143,239,1,0.0042,36,0.1506,232,0.9707
2017,610142,718,83,0.1156,82,0.1142,361,0.5028
2017,609977,195,2,0.0103,13,0.0667,186,0.9538
2017,610185,1273,479,0.3763,190,0.1493,1028,0.8075
2017,609788,321,,,45,0.1402,233,0.7259
2017,610287,507,33,0.0651,88,0.1736,402,0.7929
2017,609871,336,76,0.2262,149,0.4435,185,0.5506
2017,610087,154,68,0.4416,134,0.8701,97,0.6299
2017,609839,502,4,0.0080,79,0.1574,420,0.8367
2017,609879,1045,250,0.2392,173,0.1656,985,0.9426
2017,610347,434,26,0.0599,93,0.2143,419,0.9654
2017,610077,753,248,0.3293,88,0.1169,723,0.9602
2017,610352,712,254,0.3567,88,0.1236,568,0.7978
2017,610006,866,278,0.3210,76,0.0878,748,0.8637
2017,610195,616,3,0.0049,82,0.1331,201,0.3263
2017,609908,321,2,0.0062,41,0.1277,278,0.8660
2017,610057,592,254,0.4291,66,0.1115,563,0.9510
2017,610067,813,59,0.0726,120,0.1476,758,0.9323
2017,609849,410,14,0.0341,79,0.1927,93,0.2268
2017,609741,1772,246,0.1388,236,0.1332,1681,0.9486
2017,609861,516,6,0.0116,86,0.1667,226,0.4380
2017,609893,737,90,0.1221,127,0.1723,375,0.5088
2017,609898,1423,472,0.3317,138,0.0970,1367,0.9606
2017,609718,1658,108,0.0651,284,0.1713,1259,0.7593
2017,610207,287,,,30,0.1045,201,0.7003
2017,610016,250,1,0.0040,35,0.1400,91,0.3640
2017,609807,563,102,0.1812,92,0.1634,503,0.8934
2017,610544,948,262,0.2764,93,0.0981,814,0.8586
2017,610206,1147,186,0.1622,102,0.0889,900,0.7847
2017,609832,654,54,0.0826,107,0.1636,368,0.5627
2017,609725,1420,3,0.0021,135,0.0951,1216,0.8563
2017,609960,974,127,0.1304,135,0.1386,651,0.6684
2017,609981,359,124,0.3454,109,0.3036,327,0.9109
2017,609956,467,145,0.3105,51,0.1092,387,0.8287
2017,610558,861,38,0.0441,154,0.1789,727,0.8444
2017,610109,263,6,0.0228,29,0.1103,154,0.5856
2017,609698,798,71,0.0890,183,0.2293,738,0.9248
2017,609869,316,4,0.0127,29,0.0918,310,0.9810
2017,610037,375,55,0.1467,81,0.2160,367,0.9787
2017,609941,505,14,0.0277,62,0.1228,484,0.9584
2017,610290,423,,,81,0.1915,381,0.9007
2017,610238,321,1,0.0031,71,0.2212,285,0.8879
2017,610366,289,,,37,0.1280,217,0.7509
2017,609986,263,9,0.0342,33,0.1255,252,0.9582
2017,609897,454,5,0.0110,69,0.1520,423,0.9317
2017,609790,434,,,74,0.1705,413,0.9516
2017,609748,270,2,0.0074,54,0.2000,270,1.0000
2017,610223,508,10,0.0197,94,0.1850,454,0.8937
2017,610299,235,,,34,0.1447,212,0.9021
2017,609924,404,,,61,0.1510,374,0.9257
2017,609927,378,2,0.0053,81,0.2143,321,0.8492
2017,610112,563,2,0.0036,51,0.0906,500,0.8881
2017,609768,136,8,0.0588,48,0.3529,135,0.9926
2017,610173,334,3,0.0090,64,0.1916,330,0.9880
2017,609864,366,2,0.0055,50,0.1366,340,0.9290
2017,610019,278,1,0.0036,43,0.1547,257,0.9245
2017,609793,519,2,0.0039,72,0.1387,506,0.9750
2017,610108,401,14,0.0349,56,0.1397,392,0.9776
2017,610369,320,,,60,0.1875,283,0.8844
2017,610362,316,4,0.0127,43,0.1361,280,0.8861
2017,609783,259,5,0.0193,82,0.3166,222,0.8571
2017,609692,1323,,,127,0.0960,1203,0.9093
2017,610300,422,5,0.0118,77,0.1825,361,0.8555
2017,609997,212,2,0.0094,30,0.1415,181,0.8538
2017,610003,358,,,57,0.1592,329,0.9190
2017,609707,151,,,56,0.3709,151,1.0000
2017,609791,449,,,65,0.1448,428,0.9532
2017,610102,466,,,68,0.1459,433,0.9292
2017,609929,378,121,0.3201,45,0.1190,364,0.9630
2017,610391,1294,16,0.0124,72,0.0556,834,0.6445
2017,610027,310,,,39,0.1258,243,0.7839
2017,609805,407,,,62,0.1523,373,0.9165
2017,610521,261,8,0.0307,33,0.1264,247,0.9464
2017,609745,270,33,0.1222,270,1.0000,230,0.8519
2017,610506,160,,,21,0.1313,143,0.8938
2017,609895,263,,,36,0.1369,189,0.7186
2017,610032,379,1,0.0026,60,0.1583,338,0.8918
2017,610153,395,2,0.0051,111,0.2810,349,0.8835
2017,609711,167,1,0.0060,46,0.2754,166,0.9940
2017,610281,565,26,0.0460,66,0.1168,516,0.9133
2017,610316,250,7,0.0280,22,0.0880,176,0.7040
2017,610171,572,148,0.2587,72,0.1259,552,0.9650
2017,609887,584,3,0.0051,66,0.1130,466,0.7979
2017,610268,279,2,0.0072,33,0.1183,266,0.9534
2017,609786,298,1,0.0034,37,0.1242,286,0.9597
2017,610323,328,26,0.0793,97,0.2957,292,0.8902
2017,609827,513,1,0.0019,66,0.1287,420,0.8187
2017,609833,274,3,0.0109,40,0.1460,219,0.7993
2017,609813,211,2,0.0095,21,0.0995,210,0.9953
2017,609674,923,18,0.0195,266,0.2882,867,0.9393
2017,609815,603,8,0.0133,85,0.1410,597,0.9900
2017,609862,473,3,0.0063,68,0.1438,439,0.9281
2017,609712,151,,,54,0.3576,146,0.9669
2017,609939,554,1,0.0018,80,0.1444,516,0.9314
2017,610124,371,5,0.0135,50,0.1348,359,0.9677
2017,610279,346,4,0.0116,73,0.2110,311,0.8988
2017,610052,390,1,0.0026,49,0.1256,336,0.8615
2017,610066,196,1,0.0051,10,0.0510,64,0.3265
2017,610047,230,1,0.0043,29,0.1261,222,0.9652
2017,610200,336,47,0.1399,108,0.3214,319,0.9494
2017,610093,285,4,0.0140,127,0.4456,249,0.8737
2017,609710,484,,,109,0.2252,452,0.9339
2017,610130,287,2,0.0070,34,0.1185,243,0.8467
2017,610218,280,8,0.0286,39,0.1393,266,0.9500
2017,610152,405,,,44,0.1086,350,0.8642
2017,609961,373,34,0.0912,36,0.0965,326,0.8740
2017,610115,330,1,0.0030,32,0.0970,330,1.0000
2017,610116,251,,,35,0.1394,210,0.8367
2017,610146,225,,,26,0.1156,191,0.8489
2017,610350,444,6,0.0135,22,0.0495,365,0.8221
2017,610530,453,1,0.0022,86,0.1898,381,0.8411
2017,610547,591,4,0.0068,51,0.0863,497,0.8409
2017,610178,215,,,38,0.1767,197,0.9163
2017,610002,250,,,27,0.1080,200,0.8000
2017,610193,458,57,0.1245,98,0.2140,453,0.9891
2017,609808,577,4,0.0069,77,0.1334,554,0.9601
2017,609705,230,1,0.0043,42,0.1826,223,0.9696
2017,610004,172,3,0.0174,22,0.1279,151,0.8779
2017,610198,498,180,0.3614,85,0.1707,445,0.8936
2017,610188,255,,,32,0.1255,225,0.8824
2017,610132,214,,,5,0.0234,84,0.3925
2017,610315,180,,,26,0.1444,149,0.8278
2017,609917,304,,,39,0.1283,293,0.9638
2017,609800,329,1,0.0030,31,0.0942,300,0.9119
2017,609761,371,,,109,0.2938,345,0.9299
2017,610139,351,9,0.0256,45,0.1282,331,0.9430
2017,609845,464,,,47,0.1013,461,0.9935
2017,610219,887,84,0.0947,74,0.0834,650,0.7328
2017,609739,1410,142,0.1007,202,0.1433,1287,0.9128
2017,609726,916,2,0.0022,55,0.0600,658,0.7183
2017,609856,615,166,0.2699,81,0.1317,516,0.8390
2017,609848,167,,,23,0.1377,155,0.9281
2017,609943,435,,,64,0.1471,422,0.9701
2017,610176,475,1,0.0021,63,0.1326,423,0.8905
2017,610054,799,256,0.3204,90,0.1126,672,0.8411
2017,610225,306,,,53,0.1732,259,0.8464
2017,610199,252,14,0.0556,26,0.1032,193,0.7659
2017,610368,486,6,0.0123,112,0.2305,399,0.8210
2017,610128,241,,,13,0.0539,228,0.9461
2017,609935,884,180,0.2036,118,0.1335,842,0.9525
2017,610208,354,1,0.0028,45,0.1271,329,0.9294
2017,610086,260,1,0.0038,60,0.2308,238,0.9154
2017,609811,295,54,0.1831,65,0.2203,281,0.9525
2017,609762,631,,,130,0.2060,603,0.9556
2017,609902,417,,,52,0.1247,407,0.9760
2017,610091,353,,,41,0.1161,323,0.9150
2017,610586,447,118,0.2640,61,0.1365,403,0.9016
2017,610295,279,1,0.0036,35,0.1254,235,0.8423
2017,609978,374,1,0.0027,49,0.1310,361,0.9652
2017,610364,256,4,0.0156,34,0.1328,252,0.9844
2017,610339,440,8,0.0182,69,0.1568,407,0.9250
2017,610106,603,142,0.2355,92,0.1526,546,0.9055
2017,609883,562,1,0.0018,84,0.1495,503,0.8950
2017,610248,601,171,0.2845,84,0.1398,433,0.7205
2017,610340,549,40,0.0729,101,0.1840,445,0.8106
2017,610499,295,1,0.0034,53,0.1797,286,0.9695
2017,609885,419,13,0.0310,42,0.1002,409,0.9761
2017,610254,438,,,44,0.1005,430,0.9817
2017,610543,1142,142,0.1243,119,0.1042,1075,0.9413
2017,609900,578,12,0.0208,63,0.1090,517,0.8945
2017,610103,647,2,0.0031,77,0.1190,597,0.9227
2017,610274,467,1,0.0021,53,0.1135,463,0.9914
2017,610263,631,,,66,0.1046,627,0.9937
2017,609971,427,,,78,0.1827,385,0.9016
2017,610000,498,2,0.0040,73,0.1466,446,0.8956
2017,610036,473,62,0.1311,49,0.1036,425,0.8985
2017,610053,1160,357,0.3078,107,0.0922,1110,0.9569
2017,609928,366,,,49,0.1339,337,0.9208
2017,610257,391,7,0.0179,54,0.1381,386,0.9872
2017,609806,624,10,0.0160,82,0.1314,613,0.9824
2017,610231,706,21,0.0297,75,0.1062,547,0.7748
2017,610389,386,20,0.0518,89,0.2306,358,0.9275
2017,610021,456,94,0.2061,47,0.1031,410,0.8991
2017,610282,399,17,0.0426,86,0.2155,397,0.9950
2017,610396,1002,294,0.2934,96,0.0958,932,0.9301
2017,609991,657,7,0.0107,103,0.1568,638,0.9711
2017,609851,372,3,0.0081,48,0.1290,365,0.9812
2017,609955,339,1,0.0029,42,0.1239,315,0.9292
2017,609727,558,3,0.0054,134,0.2401,538,0.9642
2017,610172,290,1,0.0034,32,0.1103,286,0.9862
2017,609844,406,,,38,0.0936,383,0.9433
2017,610513,335,6,0.0179,43,0.1284,298,0.8896
2017,609754,293,12,0.0410,39,0.1331,270,0.9215
2017,609760,500,14,0.0280,30,0.0600,452,0.9040
2017,610390,567,15,0.0265,48,0.0847,504,0.8889
2017,609780,841,128,0.1522,66,0.0785,799,0.9501
2017,610304,540,16,0.0296,40,0.0741,517,0.9574
2017,609963,477,16,0.0335,41,0.0860,93,0.1950
2017,610098,882,305,0.3458,120,0.1361,807,0.9150
2017,609837,655,2,0.0031,53,0.0809,516,0.7878
2017,610084,241,5,0.0207,6,0.0249,48,0.1992
2017,609951,506,2,0.0040,57,0.1126,407,0.8043
2017,609820,532,13,0.0244,72,0.1353,81,0.1523
2017,609764,1607,284,0.1767,241,0.1500,1539,0.9577
2017,610076,520,152,0.2923,71,0.1365,453,0.8712
2017,609821,528,5,0.0095,64,0.1212,477,0.9034
2017,610148,997,466,0.4674,96,0.0963,894,0.8967
2017,609753,720,8,0.0111,136,0.1889,321,0.4458
2017,609899,800,44,0.0550,116,0.1450,104,0.1300
2017,610533,1010,364,0.3604,188,0.1861,902,0.8931
2017,609901,515,17,0.0330,54,0.1049,49,0.0951
2017,610073,398,57,0.1432,45,0.1131,218,0.5477
2017,609973,835,407,0.4874,118,0.1413,808,0.9677
2017,610203,1074,344,0.3203,98,0.0912,911,0.8482
2017,610120,1656,648,0.3913,170,0.1027,1561,0.9426
2017,610096,1280,565,0.4414,195,0.1523,1207,0.9430
2017,609958,798,255,0.3195,79,0.0990,701,0.8784
2017,609974,575,12,0.0209,48,0.0835,124,0.2157
2017,610040,1155,653,0.5654,141,0.1221,1046,0.9056
2017,609772,778,190,0.2442,65,0.0835,688,0.8843
2017,610026,682,96,0.1408,156,0.2287,425,0.6232
2017,610520,595,44,0.0739,82,0.1378,230,0.3866
2017,610298,288,6,0.0208,12,0.0417,76,0.2639
2017,609738,2129,64,0.0301,164,0.0770,1142,0.5364
2017,609773,506,32,0.0632,96,0.1897,191,0.3775
2017,610197,520,205,0.3942,94,0.1808,417,0.8019
2017,610177,1062,69,0.0650,61,0.0574,278,0.2618
2017,610312,171,1,0.0058,12,0.0702,155,0.9064
2017,610082,1107,15,0.0136,116,0.1048,190,0.1716
2017,610386,113,15,0.1327,22,0.1947,106,0.9381
2017,609842,1086,556,0.5120,87,0.0801,1033,0.9512
2017,609903,1545,681,0.4408,163,0.1055,1371,0.8874
2017,610291,849,214,0.2521,110,0.1296,750,0.8834
2017,609759,737,68,0.0923,169,0.2293,698,0.9471
2017,610534,488,1,0.0020,27,0.0553,46,0.0943
2017,609990,779,73,0.0937,45,0.0578,183,0.2349
2017,610249,445,245,0.5506,70,0.1573,391,0.8787
2017,609944,368,73,0.1984,40,0.1087,211,0.5734
2017,610363,1564,178,0.1138,141,0.0902,899,0.5748
2017,609680,979,5,0.0051,51,0.0521,308,0.3146
2017,610179,991,217,0.2190,74,0.0747,730,0.7366
2017,609740,378,38,0.1005,105,0.2778,350,0.9259
2017,609755,2112,20,0.0095,148,0.0701,893,0.4228
2017,609678,1819,17,0.0093,136,0.0748,724,0.3980
2017,400009,461,138,0.2993,48,0.1041,320,0.6941
2017,400010,385,24,0.0623,71,0.1844,367,0.9532
2017,400011,550,,,48,0.0873,460,0.8364
2017,400060,482,199,0.4129,52,0.1079,377,0.7822
2017,400172,335,96,0.2866,78,0.2328,323,0.9642
2017,400013,422,121,0.2867,92,0.2180,398,0.9431
2017,400017,537,113,0.2104,67,0.1248,525,0.9777
2017,400115,1107,173,0.1563,182,0.1644,1013,0.9151
2017,400021,522,,,68,0.1303,469,0.8985
2017,400161,315,,,48,0.1524,280,0.8889
2017,400035,600,67,0.1117,56,0.0933,565,0.9417
2017,400036,676,42,0.0621,95,0.1405,460,0.6805
2017,400159,277,133,0.4801,34,0.1227,239,0.8628
2017,400023,501,6,0.0120,48,0.0958,416,0.8303
2017,400024,749,55,0.0734,74,0.0988,702,0.9372
2017,400025,704,115,0.1634,91,0.1293,501,0.7116
2017,400113,288,10,0.0347,62,0.2153,268,0.9306
2017,400027,556,109,0.1960,60,0.1079,290,0.5216
2017,400092,341,1,0.0029,35,0.1026,328,0.9619
2017,400033,1361,10,0.0073,223,0.1639,1242,0.9126
2017,400026,550,1,0.0018,52,0.0945,454,0.8255
2017,400034,908,101,0.1112,201,0.2214,715,0.7874
2017,400028,420,119,0.2833,42,0.1000,377,0.8976
2017,400032,441,1,0.0023,88,0.1995,410,0.9297
2017,400029,482,,,47,0.0975,436,0.9046
2017,400030,531,230,0.4331,72,0.1356,473,0.8908
2017,400031,784,15,0.0191,72,0.0918,658,0.8393
2017,400094,501,74,0.1477,116,0.2315,477,0.9521
2017,400039,421,149,0.3539,60,0.1425,359,0.8527
2017,400171,212,2,0.0094,45,0.2123,187,0.8821
2017,400040,428,,,48,0.1121,384,0.8972
2017,400168,251,10,0.0398,14,0.0558,216,0.8606
2017,400167,668,145,0.2171,97,0.1452,629,0.9416
2017,400104,759,144,0.1897,139,0.1831,744,0.9802
2017,400162,989,99,0.1001,166,0.1678,821,0.8301
2017,400044,883,11,0.0125,107,0.1212,795,0.9003
2017,400163,324,1,0.0031,54,0.1667,303,0.9352
2017,400146,305,2,0.0066,43,0.1410,287,0.9410
2017,400180,185,7,0.0378,17,0.0919,182,0.9838
2017,400045,213,1,0.0047,24,0.1127,189,0.8873
2017,400047,439,5,0.0114,38,0.0866,411,0.9362
2017,400048,451,5,0.0111,55,0.1220,407,0.9024
2017,400111,497,,,47,0.0946,442,0.8893
2017,400165,291,2,0.0069,48,0.1649,273,0.9381
2017,400046,656,6,0.0091,58,0.0884,567,0.8643
2017,400107,493,43,0.0872,59,0.1197,431,0.8742
2017,400151,360,4,0.0111,31,0.0861,319,0.8861
2017,400049,470,,,62,0.1319,423,0.9000
2017,400119,306,,,66,0.2157,292,0.9542
2017,400178,273,1,0.0037,22,0.0806,227,0.8315
2017,400050,485,177,0.3649,85,0.1753,377,0.7773
2017,400157,391,13,0.0332,88,0.2251,372,0.9514
2017,400156,615,8,0.0130,114,0.1854,572,0.9301
2017,400097,1146,94,0.0820,158,0.1379,1011,0.8822
2017,400118,545,6,0.0110,132,0.2422,518,0.9505
2017,400052,1139,7,0.0061,172,0.1510,975,0.8560
2017,400053,654,71,0.1086,101,0.1544,596,0.9113
2017,400117,709,6,0.0085,155,0.2186,615,0.8674
2017,400169,818,101,0.1235,106,0.1296,732,0.8949
2017,400106,864,12,0.0139,179,0.2072,821,0.9502
2017,400098,946,50,0.0529,113,0.1195,802,0.8478
2017,400051,636,56,0.0881,77,0.1211,537,0.8443
2017,400054,1008,93,0.0923,107,0.1062,952,0.9444
2017,400055,649,64,0.0986,101,0.1556,530,0.8166
2017,400056,558,36,0.0645,119,0.2133,532,0.9534
2017,400170,346,23,0.0665,46,0.1329,296,0.8555
2017,400057,909,61,0.0671,120,0.1320,760,0.8361
2017,400179,183,35,0.1913,22,0.1202,168,0.9180
2017,400058,379,,,68,0.1794,367,0.9683
2017,400059,404,,,66,0.1634,394,0.9752
2017,400062,381,1,0.0026,79,0.2073,350,0.9186
2017,400061,481,1,0.0021,86,0.1788,438,0.9106
2017,400066,469,3,0.0064,91,0.1940,422,0.8998
2017,400064,394,10,0.0254,70,0.1777,320,0.8122
2017,400069,445,6,0.0135,61,0.1371,415,0.9326
2017,400071,502,10,0.0199,55,0.1096,442,0.8805
2017,400096,946,220,0.2326,110,0.1163,747,0.7896
2017,400116,293,2,0.0068,44,0.1502,234,0.7986
2017,400078,297,4,0.0135,35,0.1178,236,0.7946
2017,400075,546,5,0.0092,21,0.0385,433,0.7930
2017,400076,363,2,0.0055,25,0.0689,239,0.6584
2017,400077,622,2,0.0032,103,0.1656,513,0.8248
2017,400112,576,256,0.4444,32,0.0556,534,0.9271
2017,400120,569,235,0.4130,50,0.0879,517,0.9086
2017,400081,285,127,0.4456,31,0.1088,268,0.9404
2017,400153,573,305,0.5323,60,0.1047,546,0.9529
2017,400082,558,250,0.4480,73,0.1308,482,0.8638
2017,400114,280,139,0.4964,51,0.1821,238,0.8500
2017,400085,624,126,0.2019,89,0.1426,579,0.9279
2017,400083,384,197,0.5130,44,0.1146,378,0.9844
2017,400089,575,330,0.5739,57,0.0991,549,0.9548
2017,400080,614,277,0.4511,54,0.0879,542,0.8827
2017,400121,736,302,0.4103,94,0.1277,661,0.8981
2017,400084,288,165,0.5729,39,0.1354,274,0.9514
2017,400101,545,247,0.4532,43,0.0789,502,0.9211
2017,400149,630,156,0.2476,92,0.1460,602,0.9556
2017,400079,624,260,0.4167,53,0.0849,559,0.8958
2017,400105,365,,,69,0.1890,287,0.7863
2017,400086,325,1,0.0031,77,0.2369,281,0.8646
2017,400102,271,,,62,0.2288,232,0.8561
2017,400087,248,,,76,0.3065,225,0.9073
2017,400022,603,5,0.0083,42,0.0697,316,0.5240
2017,400091,272,2,0.0074,65,0.2390,250,0.9191
2017,400043,365,4,0.0110,75,0.2055,297,0.8137
2017,400068,448,1,0.0022,45,0.1004,425,0.9487
2017,610555,241,2,0.0083,46,0.1909,233,0.9668
2017,610572,12,,,4,0.3333,12,1.0000
2017,610584,6,,,2,0.3333,6,1.0000
2017,610585,17,,,8,0.4706,17,1.0000
2017,610573,12,,,,,12,1.0000
2017,400147,252,1,0.0040,56,0.2222,238,0.9444
2017,610565,215,1,0.0047,54,0.2512,206,0.9581
2017,400176,190,4,0.0211,50,0.2632,183,0.9632
2017,400175,219,,,41,0.1872,201,0.9178
2017,400148,97,25,0.2577,19,0.1959,90,0.9278
2017,400164,34,5,0.1471,3,0.0882,33,0.9706
2017,400137,134,,,28,0.2090,121,0.9030
2017,610581,119,,,28,0.2353,104,0.8739
2017,610582,118,,,19,0.1610,107,0.9068
2017,610580,202,16,0.0792,39,0.1931,191,0.9455
2017,610566,178,2,0.0112,36,0.2022,162,0.9101
2017,610567,202,,,46,0.2277,178,0.8812
2017,610569,257,16,0.0623,51,0.1984,211,0.8210
2017,610570,461,23,0.0499,80,0.1735,436,0.9458
2017,610571,365,15,0.0411,72,0.1973,346,0.9479
2017,610557,199,20,0.1005,28,0.1407,174,0.8744
2017,610568,250,26,0.1040,38,0.1520,219,0.8760
2017,400173,353,27,0.0765,37,0.1048,328,0.9292
2017,400123,193,,,28,0.1451,185,0.9585
2017,400133,450,4,0.0089,98,0.2178,403,0.8956
2017,400124,214,,,52,0.2430,206,0.9626
2017,400125,200,20,0.1000,35,0.1750,176,0.8800
2017,400126,170,10,0.0588,35,0.2059,165,0.9706
2017,400127,148,2,0.0135,24,0.1622,141,0.9527
2017,400128,221,,,54,0.2443,209,0.9457
2017,400129,186,,,29,0.1559,178,0.9570
2017,400150,192,,,23,0.1198,177,0.9219
2017,400130,187,,,43,0.2299,182,0.9733
2017,400131,200,16,0.0800,49,0.2450,188,0.9400
2017,400134,211,6,0.0284,22,0.1043,189,0.8957
2017,400135,221,18,0.0814,35,0.1584,211,0.9548
2017,400136,127,,,21,0.1654,112,0.8819
2017,400139,340,,,70,0.2059,320,0.9412
2017,400141,207,17,0.0821,31,0.1498,184,0.8889
2017,400143,161,3,0.0186,27,0.1677,150,0.9317
2017,400144,132,2,0.0152,22,0.1667,129,0.9773
2017,400145,260,2,0.0077,60,0.2308,250,0.9615
Network 6,610229,743,44,0.0592,65,0.0875,368,0.4953
Network 4,610038,838,47,0.0561,51,0.0609,122,0.1456
Charter,400009,450,124,0.2756,52,0.1156,343,0.7622
Charter,400010,439,22,0.0501,78,0.1777,423,0.9636
Network 12,610281,558,21,0.0376,59,0.1057,497,0.8907
2016,610185,1308,533,0.4075,195,0.1491,1115,0.8524
2016,609993,481,211,0.4387,42,0.0873,451,0.9376
2016,610513,328,7,0.0213,45,0.1372,289,0.8811
2016,610334,479,11,0.0230,141,0.2944,468,0.9770
2016,400011,569,,,43,0.0756,489,0.8594
2016,610212,286,44,0.1538,37,0.1294,279,0.9755
2016,609720,4055,24,0.0059,183,0.0451,2280,0.5623
2016,610342,598,157,0.2625,65,0.1087,518,0.8662
2016,610209,949,523,0.5511,118,0.1243,835,0.8799
2016,609808,562,1,0.0018,65,0.1157,542,0.9644
2016,609799,1007,43,0.0427,114,0.1132,162,0.1609
2016,609947,482,86,0.1784,50,0.1037,456,0.9461
2016,609963,454,19,0.0419,41,0.0903,100,0.2203
2016,610098,858,310,0.3613,108,0.1259,772,0.8998
2016,609788,308,1,0.0032,36,0.1169,245,0.7955
2016,400012,323,9,0.0279,72,0.2229,309,0.9567
2016,610131,154,40,0.2597,24,0.1558,146,0.9481
2016,610316,260,1,0.0038,22,0.0846,177,0.6808
2016,610339,507,6,0.0118,86,0.1696,466,0.9191
2016,609837,610,,,49,0.0803,477,0.7820
2016,610060,565,49,0.0867,40,0.0708,253,0.4478
2016,609869,373,2,0.0054,46,0.1233,330,0.8847
2016,610084,244,2,0.0082,7,0.0287,54,0.2213
2016,609951,542,2,0.0037,61,0.1125,426,0.7860
2016,610171,665,167,0.2511,79,0.1188,642,0.9654
2016,610037,360,40,0.1111,70,0.1944,356,0.9889
2016,609887,595,3,0.0050,68,0.1143,483,0.8118
2016,609836,833,151,0.1813,113,0.1357,398,0.4778
2016,610268,320,,,32,0.1000,289,0.9031
2016,609941,510,18,0.0353,49,0.0961,439,0.8608
2016,610287,486,40,0.0823,83,0.1708,378,0.7778
2016,400060,456,165,0.3618,45,0.0987,327,0.7171
2016,400172,165,55,0.3333,37,0.2242,162,0.9818
2016,400013,451,127,0.2816,94,0.2084,431,0.9557
2016,400017,532,99,0.1861,62,0.1165,512,0.9624
2016,609820,522,13,0.0249,73,0.1398,80,0.1533
2016,400018,102,1,0.0098,20,0.1961,93,0.9118
2016,610501,122,1,0.0082,34,0.2787,119,0.9754
2016,609786,332,1,0.0030,44,0.1325,297,0.8946
2016,610563,790,102,0.1291,69,0.0873,758,0.9595
2016,610555,307,6,0.0195,54,0.1759,292,0.9511
2016,609871,355,86,0.2423,154,0.4338,113,0.3183
2016,609922,608,330,0.5428,69,0.1135,392,0.6447
2016,609764,1686,262,0.1554,256,0.1518,1623,0.9626
2016,610290,480,1,0.0021,75,0.1563,450,0.9375
2016,610076,566,143,0.2527,74,0.1307,494,0.8728
2016,400074,269,,,24,0.0892,251,0.9331
2016,400072,315,,,37,0.1175,279,0.8857
2016,400073,51,,,12,0.2353,48,0.9412
2016,610175,348,12,0.0345,34,0.0977,282,0.8103
2016,610087,163,71,0.4356,138,0.8466,106,0.6503
2016,610323,359,28,0.0780,97,0.2702,332,0.9248
2016,609969,384,29,0.0755,56,0.1458,284,0.7396
2016,610106,589,134,0.2275,82,0.1392,525,0.8913
2016,610317,518,209,0.4035,44,0.0849,473,0.9131
2016,400019,472,1,0.0021,55,0.1165,423,0.8962
2016,610381,448,8,0.0179,62,0.1384,418,0.9330
2016,609821,552,5,0.0091,70,0.1268,488,0.8841
2016,609827,535,2,0.0037,73,0.1364,448,0.8374
2016,610353,808,455,0.5631,110,0.1361,720,0.8911
2016,610572,15,,,3,0.2000,15,1.0000
2016,610584,1,,,,,1,1.0000
2016,610585,10,,,6,0.6000,10,1.0000
2016,610573,14,,,3,0.2143,13,0.9286
2016,609729,2002,347,0.1733,382,0.1908,1837,0.9176
2016,610039,653,240,0.3675,87,0.1332,551,0.8438
2016,610238,333,3,0.0090,82,0.2462,292,0.8769
2016,609839,479,7,0.0146,80,0.1670,412,0.8601
2016,610345,386,6,0.0155,71,0.1839,329,0.8523
2016,400115,1098,163,0.1485,194,0.1767,995,0.9062
2016,400021,521,,,69,0.1324,471,0.9040
2016,610148,983,464,0.4720,98,0.0997,939,0.9552
2016,609679,1455,86,0.0591,165,0.1134,1382,0.9498
2016,610005,324,1,0.0031,38,0.1173,281,0.8673
2016,609966,479,233,0.4864,96,0.2004,438,0.9144
2016,609879,1038,227,0.2187,157,0.1513,903,0.8699
2016,610366,274,1,0.0036,31,0.1131,215,0.7847
2016,610030,343,2,0.0058,51,0.1487,301,0.8776
2016,609996,496,109,0.2198,55,0.1109,423,0.8528
2016,609833,277,5,0.0181,42,0.1516,229,0.8267
2016,609732,1545,230,0.1489,272,0.1761,1395,0.9029
2016,609875,512,215,0.4199,81,0.1582,440,0.8594
2016,609986,338,7,0.0207,37,0.1095,303,0.8964
2016,609813,228,,,25,0.1096,228,1.0000
2016,609883,577,1,0.0017,88,0.1525,516,0.8943
2016,610194,280,,,31,0.1107,263,0.9393
2016,609897,486,2,0.0041,73,0.1502,419,0.8621
2016,610248,612,180,0.2941,81,0.1324,437,0.7141
2016,610340,542,37,0.0683,98,0.1808,450,0.8303
2016,400161,238,1,0.0042,32,0.1345,211,0.8866
2016,400147,263,,,45,0.1711,231,0.8783
2016,609753,717,7,0.0098,126,0.1757,365,0.5091
2016,400022,605,3,0.0050,42,0.0694,331,0.5471
2016,400035,610,77,0.1262,58,0.0951,570,0.9344
2016,609754,326,6,0.0184,37,0.1135,294,0.9018
2016,400091,328,4,0.0122,74,0.2256,310,0.9451
2016,400036,683,37,0.0542,96,0.1406,489,0.7160
2016,609674,978,9,0.0092,254,0.2597,914,0.9346
2016,609899,776,42,0.0541,108,0.1392,147,0.1894
2016,609705,271,2,0.0074,49,0.1808,270,0.9963
2016,609863,287,98,0.3415,19,0.0662,205,0.7143
2016,400159,224,137,0.6116,22,0.0982,198,0.8839
2016,400023,421,,,44,0.1045,368,0.8741
2016,400024,719,39,0.0542,75,0.1043,641,0.8915
2016,400025,678,106,0.1563,89,0.1313,530,0.7817
2016,400113,225,9,0.0400,54,0.2400,188,0.8356
2016,400027,536,74,0.1381,55,0.1026,314,0.5858
2016,400108,170,,,42,0.2471,161,0.9471
2016,400092,351,3,0.0085,46,0.1311,338,0.9630
2016,400033,1331,4,0.0030,196,0.1473,1178,0.8850
2016,400026,571,1,0.0018,58,0.1016,431,0.7548
2016,400034,879,93,0.1058,176,0.2002,721,0.8203
2016,400028,410,127,0.3098,53,0.1293,374,0.9122
2016,400032,458,1,0.0022,73,0.1594,428,0.9345
2016,400029,453,,,48,0.1060,406,0.8962
2016,400030,502,198,0.3944,70,0.1394,455,0.9064
2016,400031,730,2,0.0027,43,0.0589,601,0.8233
2016,609790,463,,,69,0.1490,384,0.8294
2016,610347,472,36,0.0763,97,0.2055,428,0.9068
2016,610499,355,1,0.0028,74,0.2085,349,0.9831
2016,610170,1183,492,0.4159,107,0.0904,1029,0.8698
2016,400038,95,,,8,0.0842,76,0.8000
2016,609748,290,1,0.0034,58,0.2000,252,0.8690
2016,610004,207,3,0.0145,32,0.1546,193,0.9324
2016,609873,323,1,0.0031,55,0.1703,278,0.8607
2016,610063,779,412,0.5289,68,0.0873,719,0.9230
2016,609804,828,358,0.4324,84,0.1014,688,0.8309
2016,610083,171,66,0.3860,133,0.7778,75,0.4386
2016,610380,265,,,27,0.1019,255,0.9623
2016,609870,550,229,0.4164,69,0.1255,498,0.9055
2016,609835,807,228,0.2825,105,0.1301,751,0.9306
2016,610223,560,9,0.0161,78,0.1393,507,0.9054
2016,610221,322,,,36,0.1118,270,0.8385
2016,609704,916,250,0.2729,188,0.2052,889,0.9705
2016,610402,197,,,6,0.0305,146,0.7411
2016,609885,403,7,0.0174,43,0.1067,394,0.9777
2016,609859,1131,520,0.4598,80,0.0707,911,0.8055
2016,610564,635,5,0.0079,64,0.1008,413,0.6504
2016,610515,416,35,0.0841,33,0.0793,69,0.1659
2016,610077,839,300,0.3576,99,0.1180,707,0.8427
2016,610198,493,176,0.3570,65,0.1318,444,0.9006
2016,609751,695,12,0.0173,64,0.0921,587,0.8446
2016,610533,1051,400,0.3806,186,0.1770,974,0.9267
2016,610299,241,,,29,0.1203,226,0.9378
2016,610188,252,,,28,0.1111,235,0.9325
2016,610352,682,263,0.3856,82,0.1202,566,0.8299
2016,610254,464,2,0.0043,45,0.0970,436,0.9397
2016,610132,206,1,0.0049,7,0.0340,83,0.4029
2016,609901,511,19,0.0372,57,0.1115,74,0.1448
2016,610523,549,47,0.0856,80,0.1457,110,0.2004
2016,609819,447,1,0.0022,65,0.1454,392,0.8770
2016,609815,649,3,0.0046,93,0.1433,640,0.9861
2016,610246,1440,3,0.0021,82,0.0569,1133,0.7868
2016,609862,500,1,0.0020,64,0.1280,420,0.8400
2016,609909,236,96,0.4068,30,0.1271,191,0.8093
2016,610012,246,1,0.0041,46,0.1870,227,0.9228
2016,609904,709,7,0.0099,118,0.1664,605,0.8533
2016,610006,862,238,0.2761,67,0.0777,766,0.8886
2016,609735,311,15,0.0482,122,0.3923,298,0.9582
2016,610315,189,,,28,0.1481,163,0.8624
2016,609708,1045,220,0.2105,187,0.1789,985,0.9426
2016,610227,1095,587,0.5361,91,0.0831,1062,0.9699
2016,609852,566,166,0.2933,89,0.1572,394,0.6961
2016,610195,697,,,92,0.1320,275,0.3945
2016,610235,958,53,0.0553,125,0.1305,853,0.8904
2016,609682,276,63,0.2283,72,0.2609,260,0.9420
2016,610073,375,66,0.1760,47,0.1253,218,0.5813
2016,609712,150,,,55,0.3667,137,0.9133
2016,609973,882,450,0.5102,107,0.1213,855,0.9694
2016,610065,367,,,64,0.1744,329,0.8965
2016,610203,1116,401,0.3593,90,0.0806,952,0.8530
2016,400094,438,44,0.1005,96,0.2192,402,0.9178
2016,610543,1111,141,0.1269,116,0.1044,1059,0.9532
2016,400039,423,154,0.3641,64,0.1513,367,0.8676
2016,610137,698,192,0.2751,77,0.1103,505,0.7235
2016,609908,289,2,0.0069,39,0.1349,247,0.8547
2016,609918,300,87,0.2900,39,0.1300,284,0.9467
2016,609874,859,395,0.4598,99,0.1153,636,0.7404
2016,610319,317,59,0.1861,55,0.1735,307,0.9685
2016,610565,284,,,53,0.1866,266,0.9366
2016,400176,197,,,56,0.2843,177,0.8985
2016,400175,254,,,51,0.2008,231,0.9094
2016,610057,604,227,0.3758,56,0.0927,585,0.9685
2016,610541,898,405,0.4510,115,0.1281,816,0.9087
2016,610120,1646,660,0.4010,148,0.0899,1407,0.8548
2016,609917,356,,,37,0.1039,333,0.9354
2016,610096,1323,656,0.4958,168,0.1270,1183,0.8942
2016,609924,386,,,52,0.1347,335,0.8679
2016,609927,398,,,79,0.1985,345,0.8668
2016,400171,163,,,33,0.2025,151,0.9264
2016,610067,836,63,0.0754,119,0.1423,725,0.8672
2016,610112,699,,,59,0.0844,612,0.8755
2016,610215,327,52,0.1590,51,0.1560,317,0.9694
2016,609800,353,,,35,0.0992,318,0.9008
2016,609939,553,4,0.0072,76,0.1374,494,0.8933
2016,609958,804,327,0.4067,75,0.0933,688,0.8557
2016,610144,1039,503,0.4841,119,0.1145,962,0.9259
2016,609926,360,12,0.0333,43,0.1194,153,0.4250
2016,610165,928,615,0.6627,96,0.1034,813,0.8761
2016,400040,428,,,43,0.1005,401,0.9369
2016,610503,275,,,27,0.0982,244,0.8873
2016,609854,522,151,0.2893,110,0.2107,460,0.8812
2016,610245,234,2,0.0085,68,0.2906,214,0.9145
2016,609930,504,203,0.4028,71,0.1409,488,0.9683
2016,610163,234,25,0.1068,107,0.4573,45,0.1923
2016,610010,323,55,0.1703,62,0.1920,221,0.6842
2016,609737,1657,34,0.0205,106,0.0640,1298,0.7833
2016,609709,406,76,0.1872,76,0.1872,389,0.9581
2016,400041,333,3,0.0090,39,0.1171,289,0.8679
2016,610009,548,54,0.0985,60,0.1095,356,0.6496
2016,610293,587,,,55,0.0937,479,0.8160
2016,609779,1452,447,0.3079,160,0.1102,1324,0.9118
2016,610062,308,61,0.1981,76,0.2468,263,0.8539
2016,610196,713,319,0.4474,87,0.1220,548,0.7686
2016,609849,405,15,0.0370,79,0.1951,82,0.2025
2016,609761,419,3,0.0072,113,0.2697,392,0.9356
2016,610305,583,2,0.0034,77,0.1321,507,0.8696
2016,610139,329,5,0.0152,41,0.1246,290,0.8815
2016,610048,349,2,0.0057,64,0.1834,334,0.9570
2016,609795,270,27,0.1000,32,0.1185,222,0.8222
2016,609900,628,11,0.0175,73,0.1162,564,0.8981
2016,610202,349,,,37,0.1060,312,0.8940
2016,609760,490,16,0.0327,29,0.0592,451,0.9204
2016,609845,485,,,50,0.1031,465,0.9588
2016,610219,884,78,0.0882,81,0.0916,656,0.7421
2016,609739,1433,129,0.0900,203,0.1417,1297,0.9051
2016,609693,1176,29,0.0247,79,0.0672,1007,0.8563
2016,609920,722,356,0.4931,79,0.1094,695,0.9626
2016,400168,198,6,0.0303,12,0.0606,149,0.7525
2016,610383,309,64,0.2071,56,0.1812,299,0.9676
2016,609857,679,275,0.4050,156,0.2297,570,0.8395
2016,609741,1705,243,0.1425,220,0.1290,1621,0.9507
2016,609726,836,1,0.0012,55,0.0658,608,0.7273
2016,610182,355,92,0.2592,74,0.2085,192,0.5408
2016,610068,1550,702,0.4529,246,0.1587,1434,0.9252
2016,610124,415,3,0.0072,58,0.1398,391,0.9422
2016,610192,743,267,0.3594,144,0.1938,722,0.9717
2016,610158,482,67,0.1390,51,0.1058,350,0.7261
2016,609974,572,10,0.0175,52,0.0909,70,0.1224
2016,609985,430,1,0.0023,55,0.1279,405,0.9419
2016,610122,1042,154,0.1478,92,0.0883,695,0.6670
2016,609972,1034,660,0.6383,122,0.1180,929,0.8985
2016,609856,586,148,0.2526,71,0.1212,514,0.8771
2016,610040,1237,742,0.5998,131,0.1059,1025,0.8286
2016,610092,341,2,0.0059,28,0.0821,326,0.9560
2016,610279,384,4,0.0104,73,0.1901,319,0.8307
2016,609861,531,4,0.0075,76,0.1431,299,0.5631
2016,609798,605,137,0.2264,59,0.0975,396,0.6545
2016,609768,199,11,0.0553,61,0.3065,196,0.9849
2016,400043,379,10,0.0264,75,0.1979,286,0.7546
2016,609850,655,154,0.2351,81,0.1237,551,0.8412
2016,610052,385,1,0.0026,61,0.1584,325,0.8442
2016,400167,559,134,0.2397,73,0.1306,491,0.8784
2016,609713,807,3,0.0037,142,0.1760,771,0.9554
2016,610390,577,19,0.0329,56,0.0971,506,0.8769
2016,610110,422,5,0.0118,23,0.0545,360,0.8531
2016,610384,419,43,0.1026,49,0.1169,411,0.9809
2016,400148,144,24,0.1667,29,0.2014,134,0.9306
2016,400164,49,1,0.0204,4,0.0816,41,0.8367
2016,400104,769,121,0.1573,115,0.1495,750,0.9753
2016,610078,649,139,0.2142,58,0.0894,371,0.5716
2016,400162,827,92,0.1112,131,0.1584,705,0.8525
2016,609848,194,,,22,0.1134,169,0.8711
2016,610532,965,170,0.1762,111,0.1150,930,0.9637
2016,610125,781,231,0.2958,86,0.1101,714,0.9142
2016,610276,416,6,0.0144,40,0.0962,341,0.8197
2016,610103,713,3,0.0042,68,0.0954,640,0.8976
2016,610256,139,,,10,0.0719,105,0.7554
2016,609797,520,2,0.0038,69,0.1327,443,0.8519
2016,609766,193,71,0.3679,193,1.0000,155,0.8031
2016,609912,613,185,0.3018,150,0.2447,366,0.5971
2016,610070,802,194,0.2419,187,0.2332,638,0.7955
2016,610066,192,,,9,0.0469,83,0.4323
2016,609803,912,65,0.0713,88,0.0965,165,0.1809
2016,609983,737,395,0.5360,93,0.1262,653,0.8860
2016,610047,220,,,35,0.1591,205,0.9318
2016,610074,968,306,0.3161,101,0.1043,847,0.8750
2016,610200,353,44,0.1246,111,0.3144,312,0.8839
2016,610107,551,178,0.3230,129,0.2341,493,0.8947
2016,609891,307,3,0.0098,33,0.1075,265,0.8632
2016,610044,523,142,0.2715,139,0.2658,463,0.8853
2016,610174,1004,481,0.4791,97,0.0966,847,0.8436
2016,610559,690,125,0.1812,117,0.1696,677,0.9812
2016,610213,549,1,0.0018,54,0.0984,480,0.8743
2016,610217,552,207,0.3750,41,0.0743,435,0.7880
2016,610274,520,,,69,0.1327,471,0.9058
2016,610093,313,4,0.0128,131,0.4185,258,0.8243
2016,609772,894,194,0.2170,84,0.0940,730,0.8166
2016,609796,1117,207,0.1853,101,0.0904,575,0.5148
2016,610271,462,10,0.0216,53,0.1147,404,0.8745
2016,609943,493,,,82,0.1663,452,0.9168
2016,610173,356,,,75,0.2107,336,0.9438
2016,609942,776,160,0.2062,90,0.1160,452,0.5825
2016,610216,432,115,0.2662,75,0.1736,371,0.8588
2016,609894,419,7,0.0167,64,0.1527,391,0.9332
2016,610089,583,188,0.3225,90,0.1544,462,0.7925
2016,609789,771,316,0.4099,84,0.1089,684,0.8872
2016,609829,482,169,0.3506,52,0.1079,443,0.9191
2016,609866,914,71,0.0777,99,0.1083,217,0.2374
2016,609893,715,115,0.1608,119,0.1664,403,0.5636
2016,609959,659,201,0.3050,30,0.0455,560,0.8498
2016,610176,481,1,0.0021,60,0.1247,426,0.8857
2016,609898,1472,613,0.4164,126,0.0856,1407,0.9558
2016,609718,1629,114,0.0700,289,0.1774,1337,0.8207
2016,609919,511,1,0.0020,42,0.0822,417,0.8160
2016,610263,740,1,0.0014,64,0.0865,703,0.9500
2016,610228,290,193,0.6655,33,0.1138,264,0.9103
2016,609964,656,375,0.5716,82,0.1250,584,0.8902
2016,610026,669,118,0.1764,153,0.2287,429,0.6413
2016,610207,292,,,31,0.1062,212,0.7260
2016,609694,905,56,0.0619,78,0.0862,843,0.9315
2016,609971,425,,,64,0.1506,373,0.8776
2016,609975,466,9,0.0193,47,0.1009,449,0.9635
2016,609782,570,35,0.0614,58,0.1018,137,0.2404
2016,610126,549,15,0.0273,63,0.1148,419,0.7632
2016,610054,866,271,0.3129,89,0.1028,771,0.8903
2016,609710,613,,,125,0.2039,570,0.9299
2016,610180,474,2,0.0042,82,0.1730,429,0.9051
2016,609723,425,2,0.0047,105,0.2471,380,0.8941
2016,609954,414,,,60,0.1449,408,0.9855
2016,610111,891,321,0.3603,95,0.1066,688,0.7722
2016,610184,620,279,0.4500,84,0.1355,570,0.9194
2016,610269,447,160,0.3579,104,0.2327,400,0.8949
2016,610130,336,3,0.0089,30,0.0893,264,0.7857
2016,609864,416,1,0.0024,63,0.1514,355,0.8534
2016,609937,810,164,0.2025,105,0.1296,317,0.3914
2016,610225,269,,,43,0.1599,237,0.8810
2016,610199,262,6,0.0229,32,0.1221,205,0.7824
2016,609828,409,49,0.1198,45,0.1100,175,0.4279
2016,610159,928,376,0.4052,101,0.1088,834,0.8987
2016,609865,586,242,0.4130,89,0.1519,508,0.8669
2016,610313,687,87,0.1266,91,0.1325,587,0.8544
2016,609950,664,463,0.6973,63,0.0949,603,0.9081
2016,610242,474,135,0.2848,102,0.2152,404,0.8523
2016,609938,1149,477,0.4151,174,0.1514,1085,0.9443
2016,610015,298,147,0.4933,70,0.2349,254,0.8523
2016,609925,371,,,24,0.0647,328,0.8841
2016,610043,424,15,0.0354,49,0.1156,362,0.8538
2016,610218,285,2,0.0070,30,0.1053,229,0.8035
2016,610041,1357,455,0.3353,218,0.1606,1113,0.8202
2016,610019,293,1,0.0034,41,0.1399,243,0.8294
2016,610129,515,236,0.4583,71,0.1379,482,0.9359
2016,610022,744,387,0.5202,174,0.2339,642,0.8629
2016,610000,527,2,0.0038,65,0.1233,486,0.9222
2016,610016,252,,,41,0.1627,109,0.4325
2016,609716,711,170,0.2391,115,0.1617,676,0.9508
2016,609746,1724,9,0.0052,98,0.0568,1173,0.6804
2016,400044,623,5,0.0080,83,0.1332,589,0.9454
2016,400177,208,6,0.0288,14,0.0673,189,0.9087
2016,400163,257,1,0.0039,42,0.1634,237,0.9222
2016,400146,319,1,0.0031,43,0.1348,303,0.9498
2016,400045,311,1,0.0032,31,0.0997,236,0.7588
2016,400047,453,4,0.0088,44,0.0971,415,0.9161
2016,400048,436,8,0.0183,39,0.0894,391,0.8968
2016,400111,495,,,55,0.1111,424,0.8566
2016,400165,242,2,0.0083,44,0.1818,230,0.9504
2016,400046,622,5,0.0080,55,0.0884,575,0.9244
2016,400107,497,52,0.1046,68,0.1368,443,0.8913
2016,400151,353,6,0.0170,36,0.1020,291,0.8244
2016,609719,1289,60,0.0465,189,0.1466,1091,0.8464
2016,610368,511,3,0.0059,131,0.2564,440,0.8611
2016,610033,559,20,0.0358,56,0.1002,212,0.3792
2016,610520,591,47,0.0795,85,0.1438,265,0.4484
2016,609910,1316,590,0.4483,150,0.1140,1232,0.9362
2016,610133,576,9,0.0156,50,0.0868,506,0.8785
2016,610034,388,,,38,0.0979,349,0.8995
2016,610024,674,362,0.5371,72,0.1068,645,0.9570
2016,400049,478,2,0.0042,71,0.1485,425,0.8891
2016,400119,290,,,53,0.1828,278,0.9586
2016,609907,478,1,0.0021,42,0.0879,413,0.8640
2016,610298,290,1,0.0034,10,0.0345,98,0.3379
2016,610036,499,56,0.1122,49,0.0982,482,0.9659
2016,609738,2114,47,0.0222,170,0.0804,1239,0.5861
2016,609807,571,111,0.1944,90,0.1576,503,0.8809
2016,400137,158,,,32,0.2025,147,0.9304
2016,609834,858,425,0.4953,89,0.1037,843,0.9825
2016,610325,836,283,0.3385,88,0.1053,799,0.9557
2016,609809,443,117,0.2641,68,0.1535,343,0.7743
2016,609773,527,43,0.0816,110,0.2087,243,0.4611
2016,610094,833,97,0.1164,78,0.0936,186,0.2233
2016,610117,1230,432,0.3512,123,0.1000,1082,0.8797
2016,609774,576,34,0.0590,48,0.0833,87,0.1510
2016,610524,308,28,0.0909,59,0.1916,251,0.8149
2016,610237,451,1,0.0022,71,0.1574,374,0.8293
2016,610108,416,5,0.0120,51,0.1226,359,0.8630
2016,609818,975,463,0.4749,118,0.1210,859,0.8810
2016,609817,839,379,0.4517,70,0.0834,626,0.7461
2016,610581,135,,,23,0.1704,107,0.7926
2016,610582,155,,,15,0.0968,142,0.9161
2016,610580,199,15,0.0754,35,0.1759,183,0.9196
2016,610566,200,,,36,0.1800,187,0.9350
2016,610567,206,,,48,0.2330,174,0.8447
2016,610369,349,,,68,0.1948,300,0.8596
2016,610197,540,215,0.3981,91,0.1685,432,0.8000
2016,609722,248,2,0.0081,65,0.2621,234,0.9435
2016,609872,332,111,0.3343,41,0.1235,297,0.8946
2016,610128,269,,,22,0.0818,233,0.8662
2016,610017,1198,479,0.3998,100,0.0835,1067,0.8907
2016,610544,948,259,0.2732,93,0.0981,831,0.8766
2016,609756,3050,275,0.0902,303,0.0993,2869,0.9407
2016,609780,793,107,0.1349,72,0.0908,760,0.9584
2016,610081,559,36,0.0644,37,0.0662,279,0.4991
2016,610177,1042,61,0.0585,79,0.0758,282,0.2706
2016,610206,1184,202,0.1706,90,0.0760,969,0.8184
2016,610053,1238,413,0.3336,120,0.0969,1162,0.9386
2016,610152,412,,,49,0.1189,356,0.8641
2016,610539,1052,398,0.3783,128,0.1217,870,0.8270
2016,610355,531,128,0.2411,168,0.3164,469,0.8832
2016,610312,183,,,15,0.0820,150,0.8197
2016,610127,927,256,0.2762,102,0.1100,669,0.7217
2016,610046,1487,493,0.3315,169,0.1137,1383,0.9301
2016,609888,122,,,15,0.1230,105,0.8607
2016,609935,1200,266,0.2217,151,0.1258,1130,0.9417
2016,610362,364,,,50,0.1374,315,0.8654
2016,609928,392,,,45,0.1148,324,0.8265
2016,610055,342,1,0.0029,49,0.1433,326,0.9532
2016,609832,648,67,0.1034,107,0.1651,361,0.5571
2016,610244,524,,,60,0.1145,506,0.9656
2016,610208,412,,,66,0.1602,379,0.9199
2016,609830,586,10,0.0171,65,0.1109,555,0.9471
2016,610011,891,228,0.2559,113,0.1268,621,0.6970
2016,609725,1431,5,0.0035,137,0.0957,1207,0.8435
2016,610257,340,2,0.0059,42,0.1235,336,0.9882
2016,610082,1055,12,0.0114,110,0.1043,214,0.2028
2016,610086,244,,,51,0.2090,228,0.9344
2016,400178,175,1,0.0057,12,0.0686,163,0.9314
2016,610385,272,76,0.2794,68,0.2500,262,0.9632
2016,609806,704,7,0.0099,101,0.1435,639,0.9077
2016,400050,488,175,0.3586,82,0.1680,372,0.7623
2016,609783,289,8,0.0277,84,0.2907,240,0.8304
2016,609960,930,148,0.1591,126,0.1355,667,0.7172
2016,609876,791,411,0.5196,74,0.0936,756,0.9558
2016,609952,597,290,0.4858,49,0.0821,526,0.8811
2016,610231,649,21,0.0324,63,0.0971,517,0.7966
2016,609692,1363,1,0.0007,112,0.0822,1223,0.8973
2016,610284,587,340,0.5792,79,0.1346,508,0.8654
2016,609792,1040,377,0.3625,115,0.1106,902,0.8673
2016,609730,1365,194,0.1421,188,0.1377,1130,0.8278
2016,609793,567,7,0.0123,68,0.1199,559,0.9859
2016,609961,395,30,0.0759,34,0.0861,342,0.8658
2016,400157,413,17,0.0412,98,0.2373,389,0.9419
2016,400156,450,1,0.0022,77,0.1711,420,0.9333
2016,400097,1130,78,0.0690,153,0.1354,989,0.8752
2016,400118,618,9,0.0146,127,0.2055,587,0.9498
2016,400052,1067,4,0.0037,157,0.1471,917,0.8594
2016,400053,664,66,0.0994,109,0.1642,605,0.9111
2016,400117,769,4,0.0052,151,0.1964,655,0.8518
2016,400169,683,103,0.1508,91,0.1332,601,0.8799
2016,400106,860,7,0.0081,158,0.1837,800,0.9302
2016,400098,885,36,0.0407,102,0.1153,765,0.8644
2016,400051,626,47,0.0751,76,0.1214,561,0.8962
2016,400054,941,97,0.1031,102,0.1084,855,0.9086
2016,400055,617,53,0.0859,103,0.1669,503,0.8152
2016,400056,558,28,0.0502,105,0.1882,505,0.9050
2016,400170,245,21,0.0857,34,0.1388,208,0.8490
2016,400057,903,49,0.0543,115,0.1274,774,0.8571
2016,609810,1108,288,0.2599,132,0.1191,744,0.6715
2016,400058,397,1,0.0025,66,0.1662,381,0.9597
2016,400059,409,,,62,0.1516,392,0.9584
2016,610354,338,153,0.4527,68,0.2012,270,0.7988
2016,609691,978,209,0.2137,169,0.1728,932,0.9530
2016,609749,1056,13,0.0123,63,0.0597,449,0.4252
2016,609744,243,107,0.4403,243,1.0000,211,0.8683
2016,610051,572,132,0.2308,70,0.1224,547,0.9563
2016,610099,401,34,0.0848,56,0.1397,86,0.2145
2016,610529,717,22,0.0307,78,0.1088,350,0.4881
2016,610201,841,89,0.1058,95,0.1130,412,0.4899
2016,610300,390,5,0.0128,59,0.1513,330,0.8462
2016,609997,238,3,0.0126,24,0.1008,194,0.8151
2016,610569,248,9,0.0363,54,0.2177,182,0.7339
2016,610570,491,25,0.0509,73,0.1487,452,0.9206
2016,610571,488,12,0.0246,96,0.1967,455,0.9324
2016,610105,709,61,0.0860,76,0.1072,185,0.2609
2016,610329,576,190,0.3299,68,0.1181,518,0.8993
2016,610389,405,15,0.0370,106,0.2617,383,0.9457
2016,609811,299,47,0.1572,80,0.2676,262,0.8763
2016,610367,683,6,0.0088,117,0.1713,605,0.8858
2016,610059,683,26,0.0381,60,0.0878,160,0.2343
2016,610021,458,62,0.1354,55,0.1201,405,0.8843
2016,610115,394,,,40,0.1015,339,0.8604
2016,610116,275,,,36,0.1309,243,0.8836
2016,610557,226,11,0.0487,23,0.1018,191,0.8451
2016,610568,215,22,0.1023,33,0.1535,197,0.9163
2016,400173,284,26,0.0915,24,0.0845,269,0.9472
2016,609988,646,296,0.4582,72,0.1115,550,0.8514
2016,610003,421,1,0.0024,65,0.1544,356,0.8456
2016,609676,761,6,0.0079,165,0.2168,734,0.9645
2016,610146,261,,,28,0.1073,228,0.8736
2016,609707,204,,,63,0.3088,202,0.9902
2016,610386,130,13,0.1000,27,0.2077,125,0.9615
2016,609762,720,1,0.0014,136,0.1889,676,0.9389
2016,609791,494,1,0.0020,57,0.1154,458,0.9271
2016,400062,420,1,0.0024,88,0.2095,398,0.9476
2016,400061,546,3,0.0055,96,0.1758,509,0.9322
2016,400066,534,4,0.0075,106,0.1985,490,0.9176
2016,400064,394,8,0.0203,62,0.1574,357,0.9061
2016,610145,848,321,0.3785,171,0.2017,677,0.7983
2016,609867,548,342,0.6241,89,0.1624,524,0.9562
2016,610147,765,251,0.3281,105,0.1373,577,0.7542
2016,609777,296,93,0.3142,46,0.1554,258,0.8716
2016,610090,529,7,0.0132,32,0.0605,318,0.6011
2016,609981,337,123,0.3650,93,0.2760,314,0.9318
2016,610304,520,13,0.0250,41,0.0788,497,0.9558
2016,610013,393,162,0.4122,112,0.2850,350,0.8906
2016,400068,497,,,49,0.0986,457,0.9195
2016,400069,440,1,0.0023,49,0.1114,374,0.8500
2016,610135,1002,102,0.1018,110,0.1098,756,0.7545
2016,400070,170,4,0.0235,22,0.1294,156,0.9176
2016,400109,190,,,10,0.0526,175,0.9211
2016,400071,493,6,0.0122,49,0.0994,340,0.6897
2016,610138,931,175,0.1880,79,0.0849,671,0.7207
2016,609842,1092,600,0.5495,84,0.0769,1036,0.9487
2016,609902,460,,,46,0.1000,428,0.9304
2016,610141,563,49,0.0870,66,0.1172,248,0.4405
2016,609769,132,38,0.2879,132,1.0000,124,0.9394
2016,609903,1501,721,0.4803,156,0.1039,1062,0.7075
2016,610291,872,260,0.2982,117,0.1342,771,0.8842
2016,610239,609,317,0.5205,59,0.0969,609,1.0000
2016,610102,498,,,65,0.1305,411,0.8253
2016,610561,497,2,0.0040,21,0.0423,429,0.8632
2016,610234,555,206,0.3712,176,0.3171,453,0.8162
2016,609695,1141,125,0.1096,142,0.1245,1022,0.8957
2016,610350,463,1,0.0022,25,0.0540,383,0.8272
2016,609929,419,128,0.3055,60,0.1432,404,0.9642
2016,609979,1453,342,0.2354,87,0.0599,1219,0.8390
2016,609956,470,178,0.3787,61,0.1298,388,0.8255
2016,610391,1254,10,0.0080,68,0.0542,838,0.6683
2016,610252,364,4,0.0110,102,0.2802,348,0.9560
2016,609759,766,84,0.1097,181,0.2363,729,0.9517
2016,610029,253,114,0.4506,70,0.2767,219,0.8656
2016,609733,563,178,0.3162,136,0.2416,511,0.9076
2016,610091,323,1,0.0031,34,0.1053,266,0.8235
2016,610282,421,14,0.0333,89,0.2114,362,0.8599
2016,609826,594,137,0.2306,98,0.1650,585,0.9848
2016,610056,389,,,62,0.1594,376,0.9666
2016,400096,816,194,0.2377,85,0.1042,669,0.8199
2016,610027,368,,,63,0.1712,306,0.8315
2016,610250,364,136,0.3736,69,0.1896,283,0.7775
2016,609995,592,146,0.2466,80,0.1351,356,0.6014
2016,609853,469,202,0.4307,93,0.1983,409,0.8721
2016,610558,831,32,0.0385,129,0.1552,736,0.8857
2016,610155,589,108,0.1834,59,0.1002,184,0.3124
2016,609805,416,,,49,0.1178,376,0.9038
2016,609968,767,299,0.3898,96,0.1252,665,0.8670
2016,610157,1751,592,0.3381,132,0.0754,1628,0.9298
2016,609750,74,1,0.0135,10,0.1351,74,1.0000
2016,610521,279,7,0.0251,29,0.1039,255,0.9140
2016,610534,478,,,25,0.0523,82,0.1715
2016,610226,1067,445,0.4171,90,0.0843,940,0.8810
2016,609990,868,63,0.0726,50,0.0576,257,0.2961
2016,610530,491,2,0.0041,90,0.1833,400,0.8147
2016,610547,582,3,0.0052,53,0.0911,501,0.8608
2016,609745,222,33,0.1486,222,1.0000,198,0.8919
2016,610183,779,2,0.0026,109,0.1399,710,0.9114
2016,610357,173,37,0.2139,31,0.1792,168,0.9711
2016,610548,450,51,0.1133,26,0.0578,183,0.4067
2016,609880,282,1,0.0035,14,0.0496,37,0.1312
2016,609933,381,111,0.2913,64,0.1680,338,0.8871
2016,609976,1006,419,0.4165,117,0.1163,809,0.8042
2016,609724,1576,369,0.2341,169,0.1072,1384,0.8782
2016,610191,625,86,0.1376,54,0.0864,328,0.5248
2016,610405,418,17,0.0407,43,0.1029,237,0.5670
2016,610249,444,156,0.3514,58,0.1306,386,0.8694
2016,610396,1012,327,0.3231,104,0.1028,921,0.9101
2016,610506,272,,,53,0.1949,230,0.8456
2016,609921,298,193,0.6477,55,0.1846,262,0.8792
2016,400116,279,1,0.0036,38,0.1362,230,0.8244
2016,609991,620,5,0.0081,79,0.1274,527,0.8500
2016,609728,1182,304,0.2572,232,0.1963,1094,0.9255
2016,610178,226,,,38,0.1681,192,0.8496
2016,609794,278,2,0.0072,14,0.0504,43,0.1547
2016,609987,245,8,0.0327,61,0.2490,226,0.9224
2016,609851,388,,,54,0.1392,347,0.8943
2016,609896,351,15,0.0427,22,0.0627,120,0.3419
2016,610002,258,,,32,0.1240,206,0.7984
2016,610295,308,,,38,0.1234,273,0.8864
2016,610220,643,51,0.0793,54,0.0840,271,0.4215
2016,609715,2248,474,0.2109,315,0.1401,2125,0.9453
2016,610321,56,11,0.1964,13,0.2321,55,0.9821
2016,609895,275,,,41,0.1491,198,0.7200
2016,400078,322,,,34,0.1056,266,0.8261
2016,400075,565,1,0.0018,26,0.0460,425,0.7522
2016,400076,355,2,0.0056,21,0.0592,253,0.7127
2016,400077,641,2,0.0031,105,0.1638,539,0.8409
2016,400112,576,247,0.4288,39,0.0677,540,0.9375
2016,400120,574,220,0.3833,57,0.0993,524,0.9129
2016,400081,287,121,0.4216,21,0.0732,264,0.9199
2016,400153,566,302,0.5336,58,0.1025,527,0.9311
2016,400082,568,223,0.3926,75,0.1320,524,0.9225
2016,400114,282,140,0.4965,54,0.1915,250,0.8865
2016,400085,648,117,0.1806,83,0.1281,617,0.9522
2016,400083,414,194,0.4686,43,0.1039,383,0.9251
2016,400089,575,308,0.5357,43,0.0748,527,0.9165
2016,400080,640,262,0.4094,51,0.0797,563,0.8797
2016,400121,764,299,0.3914,95,0.1243,699,0.9149
2016,400084,288,162,0.5625,37,0.1285,268,0.9306
2016,400101,564,252,0.4468,45,0.0798,518,0.9184
2016,400149,677,145,0.2142,78,0.1152,640,0.9453
2016,400079,638,193,0.3025,51,0.0799,581,0.9107
2016,610394,311,27,0.0868,86,0.2765,296,0.9518
2016,400105,420,,,78,0.1857,351,0.8357
2016,400086,443,1,0.0023,86,0.1941,363,0.8194
2016,400102,342,,,78,0.2281,295,0.8626
2016,610504,183,58,0.3169,58,0.3169,85,0.4645
2016,609944,351,80,0.2279,40,0.1140,210,0.5983
2016,610518,195,3,0.0154,38,0.1949,189,0.9692
2016,610363,1624,179,0.1102,143,0.0881,1016,0.6256
2016,610095,565,34,0.0602,78,0.1381,367,0.6496
2016,609680,887,5,0.0056,54,0.0609,279,0.3145
2016,609955,345,1,0.0029,44,0.1275,311,0.9014
2016,609855,379,190,0.5013,219,0.5778,346,0.9129
2016,610179,1007,202,0.2006,87,0.0864,766,0.7607
2016,610121,518,45,0.0869,83,0.1602,457,0.8822
2016,609740,461,55,0.1193,117,0.2538,440,0.9544
2016,610032,365,,,50,0.1370,328,0.8986
2016,609727,643,5,0.0078,123,0.1913,597,0.9285
2016,609978,362,,,47,0.1298,311,0.8591
2016,610100,628,214,0.3408,64,0.1019,554,0.8822
2016,610542,772,344,0.4456,78,0.1010,620,0.8031
2016,609755,2157,32,0.0148,147,0.0682,932,0.4321
2016,610230,475,39,0.0821,59,0.1242,106,0.2232
2016,610251,367,2,0.0054,69,0.1880,331,0.9019
2016,610101,865,116,0.1341,72,0.0832,185,0.2139
2016,610109,260,3,0.0115,24,0.0923,161,0.6192
2016,610143,277,1,0.0036,42,0.1516,266,0.9603
2016,609945,746,281,0.3767,96,0.1287,636,0.8525
2016,610364,209,3,0.0144,29,0.1388,173,0.8278
2016,609884,823,214,0.2600,106,0.1288,499,0.6063
2016,609967,457,179,0.3917,96,0.2101,449,0.9825
2016,609994,1099,494,0.4495,143,0.1301,1006,0.9154
2016,609812,271,,,70,0.2583,235,0.8672
2016,610136,368,53,0.1440,44,0.1196,171,0.4647
2016,610142,733,96,0.1310,81,0.1105,386,0.5266
2016,610153,402,3,0.0075,96,0.2388,342,0.8507
2016,610167,796,334,0.4196,77,0.0967,726,0.9121
2016,609734,3212,233,0.0725,384,0.1196,1873,0.5831
2016,609698,856,82,0.0958,199,0.2325,771,0.9007
2016,610104,640,68,0.1063,76,0.1188,244,0.3813
2016,609678,1670,24,0.0144,132,0.0790,729,0.4365
2016,610193,494,56,0.1134,101,0.2045,478,0.9676
2016,609949,1262,342,0.2710,166,0.1315,1080,0.8558
2016,610097,962,489,0.5083,98,0.1019,929,0.9657
2016,610123,379,24,0.0633,100,0.2639,336,0.8865
2016,609711,253,2,0.0079,65,0.2569,248,0.9802
2016,610172,321,1,0.0031,25,0.0779,290,0.9034
2016,609844,426,,,42,0.0986,416,0.9765
2016,610308,101,36,0.3564,89,0.8812,81,0.8020
2016,610574,91,1,0.0110,5,0.0549,86,0.9451
2016,610088,781,340,0.4353,95,0.1216,705,0.9027
2016,609977,211,1,0.0047,19,0.0900,176,0.8341
2016,610392,329,53,0.1611,47,0.1429,313,0.9514
2016,400123,221,,,28,0.1267,207,0.9367
2016,400133,400,4,0.0100,71,0.1775,352,0.8800
2016,400124,187,,,40,0.2139,181,0.9679
2016,400125,195,33,0.1692,41,0.2103,181,0.9282
2016,400126,152,13,0.0855,38,0.2500,147,0.9671
2016,400127,144,1,0.0069,22,0.1528,123,0.8542
2016,400128,200,,,51,0.2550,183,0.9150
2016,400129,151,,,17,0.1126,134,0.8874
2016,400150,201,,,32,0.1592,180,0.8955
2016,400130,161,1,0.0062,42,0.2609,154,0.9565
2016,400131,184,18,0.0978,40,0.2174,171,0.9293
2016,400134,210,13,0.0619,47,0.2238,189,0.9000
2016,400135,215,35,0.1628,53,0.2465,201,0.9349
2016,400136,158,1,0.0063,18,0.1139,135,0.8544
2016,400139,333,2,0.0060,72,0.2162,317,0.9520
2016,400141,210,7,0.0333,27,0.1286,177,0.8429
2016,400143,175,2,0.0114,35,0.2000,149,0.8514
2016,400144,112,,,24,0.2143,104,0.9286
2016,400145,260,,,56,0.2154,251,0.9654
2016,400087,347,,,80,0.2305,314,0.9049
2015,610229,725,47,0.0648,73,0.1007,386,0.5324
2015,610038,824,61,0.0740,54,0.0655,119,0.1444
2015,400009,391,108,0.2762,47,0.1202,306,0.7826
2015,610281,575,22,0.0383,64,0.1113,552,0.9600
2015,610185,1275,474,0.3718,177,0.1388,1208,0.9475
2015,609993,498,176,0.3534,47,0.0944,491,0.9859
2015,610513,373,9,0.0241,39,0.1046,327,0.8767
2015,610334,488,7,0.0143,121,0.2480,479,0.9816
2015,400011,581,0,0.0000,39,0.0671,545,0.9380
2015,610212,269,44,0.1636,33,0.1227,262,0.9740
2015,609720,4071,16,0.0039,186,0.0457,2384,0.5856
2015,610342,604,107,0.1772,57,0.0944,546,0.9040
2015,610524,274,18,0.0657,66,0.2409,219,0.7993
2015,610209,1004,551,0.5488,108,0.1076,959,0.9552
2015,609808,617,2,0.0032,57,0.0924,600,0.9724
2015,609799,1028,35,0.0340,119,0.1158,197,0.1916
2015,609947,486,79,0.1626,44,0.0905,460,0.9465
2015,609963,419,18,0.0430,52,0.1241,120,0.2864
2015,610098,852,320,0.3756,94,0.1103,817,0.9589
2015,609788,307,0,0.0000,39,0.1270,256,0.8339
2015,400012,325,3,0.0092,69,0.2123,314,0.9662
2015,610131,145,38,0.2621,19,0.1310,145,1.0000
2015,610316,247,0,0.0000,22,0.0891,186,0.7530
2015,610339,558,2,0.0036,74,0.1326,547,0.9803
2015,609837,609,2,0.0033,49,0.0805,530,0.8703
2015,610060,566,51,0.0901,33,0.0583,242,0.4276
2015,609869,409,3,0.0073,45,0.1100,408,0.9976
2015,610084,245,2,0.0082,13,0.0531,52,0.2122
2015,400010,448,17,0.0379,94,0.2098,438,0.9777
2015,609951,550,0,0.0000,49,0.0891,455,0.8273
2015,610171,708,170,0.2401,64,0.0904,697,0.9845
2015,610037,495,55,0.1111,89,0.1798,491,0.9919
2015,609887,644,4,0.0062,76,0.1180,579,0.8991
2015,609836,799,134,0.1677,89,0.1114,448,0.5607
2015,610268,362,1,0.0028,38,0.1050,358,0.9890
2015,609941,501,8,0.0160,58,0.1158,492,0.9820
2015,610287,456,27,0.0592,75,0.1645,407,0.8925
2015,400060,456,164,0.3596,38,0.0833,349,0.7654
2015,400013,508,122,0.2402,103,0.2028,482,0.9488
2015,400017,578,114,0.1972,65,0.1125,568,0.9827
2015,400015,77,15,0.1948,21,0.2727,77,1.0000
2015,609820,518,17,0.0328,75,0.1448,111,0.2143
2015,400018,150,1,0.0067,37,0.2467,148,0.9867
2015,610501,165,1,0.0061,40,0.2424,159,0.9636
2015,609786,352,1,0.0028,37,0.1051,339,0.9631
2015,610563,550,87,0.1582,48,0.0873,543,0.9873
2015,610555,301,0,0.0000,48,0.1595,289,0.9601
2015,609871,327,82,0.2508,126,0.3853,189,0.5780
2015,609922,600,363,0.6050,69,0.1150,577,0.9617
2015,609764,1676,238,0.1420,247,0.1474,1619,0.9660
2015,610290,483,0,0.0000,74,0.1532,445,0.9213
2015,610076,498,150,0.3012,61,0.1225,485,0.9739
2015,400072,305,0,0.0000,31,0.1016,288,0.9443
2015,400074,268,0,0.0000,28,0.1045,260,0.9701
2015,400073,145,0,0.0000,28,0.1931,142,0.9793
2015,610175,344,14,0.0407,41,0.1192,302,0.8779
2015,610087,195,93,0.4769,172,0.8821,153,0.7846
2015,610323,382,21,0.0550,90,0.2356,373,0.9764
2015,609969,376,24,0.0638,70,0.1862,303,0.8059
2015,610106,531,100,0.1883,78,0.1469,528,0.9944
2015,610317,526,183,0.3479,49,0.0932,519,0.9867
2015,400019,472,0,0.0000,49,0.1038,414,0.8771
2015,610381,487,7,0.0144,66,0.1355,465,0.9548
2015,609821,572,8,0.0140,67,0.1171,550,0.9615
2015,609827,600,3,0.0050,71,0.1183,528,0.8800
2015,610353,807,445,0.5514,102,0.1264,780,0.9665
2015,610572,27,0,0.0000,8,0.2963,27,1.0000
2015,610573,21,0,0.0000,7,0.3333,21,1.0000
2015,609729,2302,398,0.1729,408,0.1772,2156,0.9366
2015,610039,654,210,0.3211,87,0.1330,619,0.9465
2015,610238,367,2,0.0054,81,0.2207,366,0.9973
2015,609839,499,3,0.0060,75,0.1503,450,0.9018
2015,610345,347,5,0.0144,61,0.1758,336,0.9683
2015,400020,468,1,0.0021,68,0.1453,460,0.9829
2015,400021,516,0,0.0000,60,0.1163,500,0.9690
2015,400115,956,159,0.1663,154,0.1611,873,0.9132
2015,610148,959,476,0.4964,103,0.1074,949,0.9896
2015,609679,1476,59,0.0400,148,0.1003,1404,0.9512
2015,610005,308,0,0.0000,32,0.1039,304,0.9870
2015,609966,497,235,0.4728,90,0.1811,491,0.9879
2015,609879,1059,222,0.2096,145,0.1369,1025,0.9679
2015,610366,250,0,0.0000,29,0.1160,223,0.8920
2015,610030,362,1,0.0028,35,0.0967,333,0.9199
2015,609996,545,117,0.2147,60,0.1101,527,0.9670
2015,609833,300,0,0.0000,41,0.1367,264,0.8800
2015,609732,1709,244,0.1428,265,0.1551,1599,0.9356
2015,609875,568,224,0.3944,83,0.1461,536,0.9437
2015,609986,338,4,0.0118,41,0.1213,329,0.9734
2015,609813,258,0,0.0000,28,0.1085,257,0.9961
2015,609883,619,1,0.0016,96,0.1551,612,0.9887
2015,610194,312,0,0.0000,34,0.1090,297,0.9519
2015,609897,516,1,0.0019,76,0.1473,508,0.9845
2015,610248,612,164,0.2680,81,0.1324,482,0.7876
2015,610340,526,30,0.0570,94,0.1787,446,0.8479
2015,400161,173,1,0.0058,23,0.1329,157,0.9075
2015,400147,374,0,0.0000,31,0.0829,343,0.9171
2015,609753,690,3,0.0043,127,0.1841,354,0.5130
2015,400022,577,6,0.0104,48,0.0832,296,0.5130
2015,400023,402,1,0.0025,40,0.0995,382,0.9502
2015,400024,634,23,0.0363,66,0.1041,608,0.9590
2015,400025,675,113,0.1674,92,0.1363,563,0.8341
2015,400113,295,14,0.0475,64,0.2169,253,0.8576
2015,400027,536,69,0.1287,47,0.0877,335,0.6250
2015,400108,237,1,0.0042,47,0.1983,225,0.9494
2015,400092,343,4,0.0117,45,0.1312,334,0.9738
2015,400033,1266,1,0.0008,188,0.1485,1129,0.8918
2015,400026,578,1,0.0017,52,0.0900,479,0.8287
2015,400034,860,67,0.0779,174,0.2023,705,0.8198
2015,400028,405,115,0.2840,50,0.1235,399,0.9852
2015,400032,479,0,0.0000,64,0.1336,447,0.9332
2015,400029,432,0,0.0000,39,0.0903,423,0.9792
2015,400030,501,190,0.3792,73,0.1457,480,0.9581
2015,400031,731,3,0.0041,62,0.0848,608,0.8317
2015,400035,606,72,0.1188,61,0.1007,564,0.9307
2015,609754,395,8,0.0203,40,0.1013,375,0.9494
2015,400091,377,10,0.0265,75,0.1989,351,0.9310
2015,400036,682,26,0.0381,82,0.1202,497,0.7287
2015,609674,953,10,0.0105,257,0.2697,910,0.9549
2015,609899,711,32,0.0450,94,0.1322,137,0.1927
2015,609705,333,1,0.0030,67,0.2012,325,0.9760
2015,400159,167,111,0.6647,17,0.1018,151,0.9042
2015,609863,285,99,0.3474,13,0.0456,219,0.7684
2015,609790,531,1,0.0019,66,0.1243,477,0.8983
2015,610347,503,22,0.0437,91,0.1809,501,0.9960
2015,610499,419,1,0.0024,84,0.2005,413,0.9857
2015,610170,1098,402,0.3661,102,0.0929,1076,0.9800
2015,400038,156,0,0.0000,9,0.0577,104,0.6667
2015,609748,341,3,0.0088,88,0.2581,330,0.9677
2015,610004,243,2,0.0082,32,0.1317,236,0.9712
2015,609781,132,0,0.0000,24,0.1818,131,0.9924
2015,609873,307,4,0.0130,52,0.1694,287,0.9349
2015,610063,825,436,0.5285,67,0.0812,811,0.9830
2015,609804,818,385,0.4707,90,0.1100,762,0.9315
2015,610083,149,56,0.3758,123,0.8255,65,0.4362
2015,610380,290,0,0.0000,22,0.0759,278,0.9586
2015,609870,597,250,0.4188,71,0.1189,579,0.9698
2015,609835,855,212,0.2480,101,0.1181,851,0.9953
2015,610223,558,11,0.0197,76,0.1362,549,0.9839
2015,610221,314,0,0.0000,36,0.1146,310,0.9873
2015,609704,987,267,0.2705,197,0.1996,978,0.9909
2015,610402,196,2,0.0102,5,0.0255,149,0.7602
2015,609885,365,4,0.0110,32,0.0877,364,0.9973
2015,609859,1134,539,0.4753,77,0.0679,979,0.8633
2015,610564,493,11,0.0223,43,0.0872,312,0.6329
2015,610515,420,37,0.0881,36,0.0857,138,0.3286
2015,610077,845,290,0.3432,86,0.1018,739,0.8746
2015,610198,529,202,0.3819,63,0.1191,522,0.9868
2015,609751,739,7,0.0095,62,0.0839,596,0.8065
2015,610533,1039,407,0.3917,179,0.1723,1009,0.9711
2015,610299,237,0,0.0000,30,0.1266,237,1.0000
2015,610188,246,0,0.0000,26,0.1057,233,0.9472
2015,610352,635,208,0.3276,77,0.1213,591,0.9307
2015,610254,472,0,0.0000,53,0.1123,470,0.9958
2015,609736,13,0,0.0000,5,0.3846,13,1.0000
2015,610132,200,0,0.0000,7,0.0350,87,0.4350
2015,609901,511,5,0.0098,68,0.1331,77,0.1507
2015,610523,493,31,0.0629,65,0.1318,113,0.2292
2015,609819,442,0,0.0000,43,0.0973,427,0.9661
2015,609815,666,10,0.0150,100,0.1502,664,0.9970
2015,610246,1415,2,0.0014,63,0.0445,1160,0.8198
2015,609862,548,0,0.0000,56,0.1022,526,0.9599
2015,609909,238,77,0.3235,31,0.1303,232,0.9748
2015,610012,245,0,0.0000,49,0.2000,236,0.9633
2015,609904,696,9,0.0129,104,0.1494,687,0.9871
2015,610006,846,263,0.3109,80,0.0946,816,0.9645
2015,609735,328,13,0.0396,108,0.3293,319,0.9726
2015,610315,178,0,0.0000,22,0.1236,177,0.9944
2015,609708,1276,229,0.1795,221,0.1732,1229,0.9632
2015,610227,1104,544,0.4928,88,0.0797,1082,0.9801
2015,609852,554,188,0.3394,104,0.1877,463,0.8357
2015,610195,729,2,0.0027,97,0.1331,246,0.3374
2015,610235,1024,58,0.0566,124,0.1211,1006,0.9824
2015,609682,354,45,0.1271,96,0.2712,348,0.9831
2015,610073,367,79,0.2153,50,0.1362,247,0.6730
2015,609712,201,0,0.0000,68,0.3383,200,0.9950
2015,609973,903,454,0.5028,92,0.1019,884,0.9790
2015,610065,386,0,0.0000,69,0.1788,383,0.9922
2015,610203,1082,361,0.3336,69,0.0638,1048,0.9686
2015,400094,421,56,0.1330,76,0.1805,405,0.9620
2015,610543,1083,135,0.1247,136,0.1256,1046,0.9658
2015,400039,440,156,0.3545,66,0.1500,397,0.9023
2015,610137,700,201,0.2871,67,0.0957,543,0.7757
2015,609908,329,3,0.0091,44,0.1337,310,0.9422
2015,609918,352,94,0.2670,46,0.1307,337,0.9574
2015,609874,842,425,0.5048,86,0.1021,681,0.8088
2015,610319,371,61,0.1644,53,0.1429,356,0.9596
2015,400176,2,0,0.0000,0,0.0000,1,0.5000
2015,610565,340,0,0.0000,60,0.1765,322,0.9471
2015,610057,612,237,0.3873,66,0.1078,605,0.9886
2015,610541,903,405,0.4485,120,0.1329,885,0.9801
2015,610120,1644,779,0.4738,143,0.0870,1594,0.9696
2015,609917,342,0,0.0000,40,0.1170,334,0.9766
2015,610096,1310,618,0.4718,163,0.1244,1285,0.9809
2015,609924,392,0,0.0000,50,0.1276,385,0.9821
2015,609927,356,0,0.0000,85,0.2388,333,0.9354
2015,400171,112,0,0.0000,19,0.1696,106,0.9464
2015,610067,868,56,0.0645,115,0.1325,846,0.9747
2015,610112,785,0,0.0000,65,0.0828,783,0.9975
2015,610215,323,40,0.1238,47,0.1455,321,0.9938
2015,609800,373,1,0.0027,35,0.0938,359,0.9625
2015,609939,573,4,0.0070,83,0.1449,553,0.9651
2015,609958,860,306,0.3558,65,0.0756,797,0.9267
2015,610144,1087,520,0.4784,122,0.1122,1043,0.9595
2015,609926,367,15,0.0409,45,0.1226,158,0.4305
2015,610165,939,522,0.5559,84,0.0895,911,0.9702
2015,400040,406,0,0.0000,35,0.0862,395,0.9729
2015,610503,292,0,0.0000,32,0.1096,270,0.9247
2015,609854,544,104,0.1912,107,0.1967,526,0.9669
2015,610245,243,2,0.0082,61,0.2510,236,0.9712
2015,609930,550,185,0.3364,78,0.1418,543,0.9873
2015,610163,248,42,0.1694,123,0.4960,72,0.2903
2015,610010,338,58,0.1716,50,0.1479,261,0.7722
2015,609737,1687,28,0.0166,142,0.0842,1320,0.7825
2015,609709,465,82,0.1763,87,0.1871,458,0.9849
2015,400041,338,5,0.0148,32,0.0947,327,0.9675
2015,610009,560,61,0.1089,54,0.0964,379,0.6768
2015,610293,608,0,0.0000,52,0.0855,559,0.9194
2015,609779,1461,417,0.2854,161,0.1102,1367,0.9357
2015,610062,306,57,0.1863,68,0.2222,280,0.9150
2015,610196,718,334,0.4652,79,0.1100,624,0.8691
2015,609849,394,8,0.0203,84,0.2132,100,0.2538
2015,609761,421,5,0.0119,109,0.2589,409,0.9715
2015,610305,630,3,0.0048,86,0.1365,628,0.9968
2015,610139,286,12,0.0420,30,0.1049,278,0.9720
2015,610048,359,2,0.0056,55,0.1532,347,0.9666
2015,609795,290,54,0.1862,42,0.1448,272,0.9379
2015,609900,647,16,0.0247,73,0.1128,642,0.9923
2015,610202,377,0,0.0000,42,0.1114,376,0.9973
2015,609760,504,10,0.0198,40,0.0794,477,0.9464
2015,609845,447,1,0.0022,49,0.1096,444,0.9933
2015,610219,867,80,0.0923,75,0.0865,689,0.7947
2015,609739,1474,109,0.0739,215,0.1459,1367,0.9274
2015,609693,1123,20,0.0178,73,0.0650,947,0.8433
2015,609920,716,347,0.4846,84,0.1173,712,0.9944
2015,400168,125,4,0.0320,7,0.0560,115,0.9200
2015,610383,326,57,0.1748,47,0.1442,317,0.9724
2015,609857,659,282,0.4279,125,0.1897,598,0.9074
2015,609741,1701,207,0.1217,209,0.1229,1663,0.9777
2015,609726,790,0,0.0000,43,0.0544,588,0.7443
2015,610182,358,108,0.3017,72,0.2011,226,0.6313
2015,610068,1570,679,0.4325,265,0.1688,1539,0.9803
2015,610124,447,0,0.0000,72,0.1611,435,0.9732
2015,610192,773,291,0.3765,122,0.1578,764,0.9884
2015,610158,530,58,0.1094,52,0.0981,420,0.7925
2015,609974,574,5,0.0087,52,0.0906,127,0.2213
2015,609985,436,0,0.0000,56,0.1284,402,0.9220
2015,610122,1033,166,0.1607,84,0.0813,731,0.7076
2015,609972,1154,719,0.6231,132,0.1144,1128,0.9775
2015,609856,595,156,0.2622,67,0.1126,566,0.9513
2015,610040,1243,725,0.5833,127,0.1022,1201,0.9662
2015,400042,97,0,0.0000,14,0.1443,95,0.9794
2015,610092,360,5,0.0139,36,0.1000,359,0.9972
2015,610279,402,0,0.0000,67,0.1667,359,0.8930
2015,609861,546,6,0.0110,66,0.1209,288,0.5275
2015,609798,617,138,0.2237,64,0.1037,446,0.7229
2015,609768,272,5,0.0184,56,0.2059,271,0.9963
2015,400043,394,11,0.0279,82,0.2081,288,0.7310
2015,609850,683,177,0.2592,68,0.0996,590,0.8638
2015,610052,388,5,0.0129,62,0.1598,381,0.9820
2015,400167,445,82,0.1843,55,0.1236,369,0.8292
2015,609713,946,3,0.0032,160,0.1691,922,0.9746
2015,610390,553,22,0.0398,46,0.0832,481,0.8698
2015,610110,458,4,0.0087,34,0.0742,432,0.9432
2015,610384,418,42,0.1005,47,0.1124,404,0.9665
2015,400164,76,7,0.0921,7,0.0921,73,0.9605
2015,400104,769,115,0.1495,101,0.1313,750,0.9753
2015,400148,167,22,0.1317,26,0.1557,162,0.9701
2015,610078,654,171,0.2615,55,0.0841,369,0.5642
2015,400162,449,22,0.0490,71,0.1581,393,0.8753
2015,609848,223,0,0.0000,17,0.0762,221,0.9910
2015,610532,943,165,0.1750,90,0.0954,929,0.9852
2015,610125,839,242,0.2884,98,0.1168,804,0.9583
2015,610276,466,1,0.0021,41,0.0880,399,0.8562
2015,610103,676,1,0.0015,67,0.0991,662,0.9793
2015,610256,141,1,0.0071,7,0.0496,138,0.9787
2015,609797,505,0,0.0000,65,0.1287,463,0.9168
2015,609766,201,63,0.3134,201,1.0000,161,0.8010
2015,609912,586,126,0.2150,147,0.2509,383,0.6536
2015,610070,782,163,0.2084,174,0.2225,680,0.8696
2015,610066,182,1,0.0055,6,0.0330,80,0.4396
2015,609803,898,76,0.0846,87,0.0969,185,0.2060
2015,609983,781,414,0.5301,86,0.1101,774,0.9910
2015,610047,210,0,0.0000,28,0.1333,209,0.9952
2015,610074,982,278,0.2831,96,0.0978,962,0.9796
2015,610200,364,47,0.1291,103,0.2830,358,0.9835
2015,610107,596,203,0.3406,130,0.2181,570,0.9564
2015,609891,307,2,0.0065,38,0.1238,300,0.9772
2015,610044,632,160,0.2532,172,0.2722,608,0.9620
2015,610174,1057,516,0.4882,92,0.0870,1050,0.9934
2015,610559,706,127,0.1799,113,0.1601,696,0.9858
2015,610213,550,1,0.0018,51,0.0927,540,0.9818
2015,610217,520,209,0.4019,44,0.0846,451,0.8673
2015,610274,396,0,0.0000,53,0.1338,396,1.0000
2015,610093,300,6,0.0200,125,0.4167,282,0.9400
2015,609772,890,239,0.2685,81,0.0910,788,0.8854
2015,609796,1146,190,0.1658,99,0.0864,639,0.5576
2015,610271,477,4,0.0084,48,0.1006,466,0.9769
2015,609943,536,0,0.0000,72,0.1343,511,0.9534
2015,610173,354,0,0.0000,71,0.2006,352,0.9944
2015,609942,802,159,0.1983,82,0.1022,629,0.7843
2015,610216,450,122,0.2711,82,0.1822,412,0.9156
2015,609894,462,3,0.0065,79,0.1710,415,0.8983
2015,610089,585,200,0.3419,86,0.1470,493,0.8427
2015,609789,839,270,0.3218,86,0.1025,807,0.9619
2015,609829,490,177,0.3612,51,0.1041,469,0.9571
2015,609866,834,81,0.0971,105,0.1259,236,0.2830
2015,609893,673,102,0.1516,125,0.1857,379,0.5632
2015,609959,651,197,0.3026,29,0.0445,619,0.9508
2015,610176,504,0,0.0000,49,0.0972,497,0.9861
2015,609898,1550,571,0.3684,146,0.0942,1521,0.9813
2015,609718,1568,84,0.0536,297,0.1894,1346,0.8584
2015,609919,512,0,0.0000,48,0.0938,506,0.9883
2015,610263,778,1,0.0013,87,0.1118,776,0.9974
2015,610228,324,227,0.7006,44,0.1358,319,0.9846
2015,609964,642,305,0.4751,68,0.1059,639,0.9953
2015,610026,673,93,0.1382,148,0.2199,469,0.6969
2015,610207,300,0,0.0000,24,0.0800,207,0.6900
2015,609694,920,90,0.0978,91,0.0989,891,0.9685
2015,609971,468,0,0.0000,70,0.1496,463,0.9893
2015,609975,541,11,0.0203,53,0.0980,533,0.9852
2015,609782,586,34,0.0580,56,0.0956,140,0.2389
2015,610126,522,7,0.0134,62,0.1188,419,0.8027
2015,610054,864,242,0.2801,100,0.1157,803,0.9294
2015,609710,760,1,0.0013,149,0.1961,714,0.9395
2015,610180,459,5,0.0109,76,0.1656,448,0.9760
2015,609723,514,1,0.0019,135,0.2626,431,0.8385
2015,609954,416,0,0.0000,58,0.1394,415,0.9976
2015,610111,890,303,0.3404,100,0.1124,784,0.8809
2015,610184,680,328,0.4824,86,0.1265,675,0.9926
2015,610269,470,153,0.3255,101,0.2149,461,0.9809
2015,610130,342,1,0.0029,30,0.0877,304,0.8889
2015,609864,404,2,0.0050,68,0.1683,370,0.9158
2015,609937,784,158,0.2015,107,0.1365,372,0.4745
2015,610225,290,1,0.0034,45,0.1552,273,0.9414
2015,610199,269,9,0.0335,29,0.1078,236,0.8773
2015,609828,398,54,0.1357,42,0.1055,204,0.5126
2015,610159,951,418,0.4395,90,0.0946,912,0.9590
2015,609865,601,213,0.3544,82,0.1364,591,0.9834
2015,610313,770,82,0.1065,105,0.1364,709,0.9208
2015,609950,746,526,0.7051,86,0.1153,728,0.9759
2015,610242,499,167,0.3347,99,0.1984,476,0.9539
2015,609938,1169,484,0.4140,186,0.1591,1158,0.9906
2015,610015,285,137,0.4807,54,0.1895,278,0.9754
2015,609925,416,0,0.0000,27,0.0649,394,0.9471
2015,610043,452,20,0.0442,54,0.1195,429,0.9491
2015,610218,300,2,0.0067,30,0.1000,289,0.9633
2015,610041,1370,370,0.2701,206,0.1504,1230,0.8978
2015,610019,266,0,0.0000,40,0.1504,243,0.9135
2015,610129,584,258,0.4418,85,0.1455,573,0.9812
2015,610022,784,412,0.5255,152,0.1939,760,0.9694
2015,610000,587,1,0.0017,91,0.1550,586,0.9983
2015,610016,251,0,0.0000,41,0.1633,126,0.5020
2015,609716,887,168,0.1894,149,0.1680,853,0.9617
2015,609746,1757,16,0.0091,132,0.0751,1268,0.7217
2015,400044,722,12,0.0166,82,0.1136,695,0.9626
2015,400177,109,3,0.0275,4,0.0367,106,0.9725
2015,400163,165,0,0.0000,22,0.1333,156,0.9455
2015,400146,233,0,0.0000,23,0.0987,225,0.9657
2015,400045,312,0,0.0000,29,0.0929,264,0.8462
2015,609719,1347,46,0.0341,177,0.1314,1188,0.8820
2015,610368,549,1,0.0018,126,0.2295,540,0.9836
2015,610033,553,29,0.0524,58,0.1049,193,0.3490
2015,610520,605,54,0.0893,90,0.1488,310,0.5124
2015,609910,1402,617,0.4401,157,0.1120,1347,0.9608
2015,610133,654,5,0.0076,61,0.0933,647,0.9893
2015,610034,418,0,0.0000,42,0.1005,417,0.9976
2015,610024,709,356,0.5021,66,0.0931,700,0.9873
2015,400107,450,45,0.1000,57,0.1267,422,0.9378
2015,400165,284,0,0.0000,51,0.1796,263,0.9261
2015,400151,267,0,0.0000,24,0.0899,245,0.9176
2015,400047,488,3,0.0061,57,0.1168,485,0.9939
2015,400048,448,0,0.0000,43,0.0960,433,0.9665
2015,400046,638,3,0.0047,41,0.0643,601,0.9420
2015,400111,456,0,0.0000,44,0.0965,420,0.9211
2015,400049,496,2,0.0040,58,0.1169,454,0.9153
2015,400119,251,1,0.0040,40,0.1594,238,0.9482
2015,609907,460,0,0.0000,35,0.0761,449,0.9761
2015,610298,289,5,0.0173,8,0.0277,111,0.3841
2015,610036,511,46,0.0900,53,0.1037,509,0.9961
2015,609738,2267,53,0.0234,163,0.0719,1321,0.5827
2015,609807,563,114,0.2025,82,0.1456,524,0.9307
2015,400137,190,0,0.0000,39,0.2053,179,0.9421
2015,609834,892,460,0.5157,86,0.0964,886,0.9933
2015,610325,846,283,0.3345,96,0.1135,818,0.9669
2015,609809,426,151,0.3545,64,0.1502,368,0.8638
2015,609773,510,39,0.0765,116,0.2275,250,0.4902
2015,610094,840,106,0.1262,82,0.0976,235,0.2798
2015,610117,1260,441,0.3500,134,0.1063,1190,0.9444
2015,609774,567,29,0.0511,45,0.0794,95,0.1675
2015,610237,376,1,0.0027,57,0.1516,370,0.9840
2015,610108,467,6,0.0128,57,0.1221,448,0.9593
2015,609818,995,441,0.4432,120,0.1206,968,0.9729
2015,609817,866,431,0.4977,82,0.0947,754,0.8707
2015,610566,200,0,0.0000,40,0.2000,165,0.8250
2015,610567,200,0,0.0000,31,0.1550,183,0.9150
2015,610582,200,0,0.0000,34,0.1700,190,0.9500
2015,610580,95,4,0.0421,16,0.1684,89,0.9368
2015,610369,359,0,0.0000,70,0.1950,355,0.9889
2015,610197,540,231,0.4278,97,0.1796,448,0.8296
2015,609722,356,1,0.0028,105,0.2949,308,0.8652
2015,609872,338,122,0.3609,44,0.1302,335,0.9911
2015,610128,294,0,0.0000,31,0.1054,291,0.9898
2015,610017,1222,477,0.3903,102,0.0835,1155,0.9452
2015,610544,970,232,0.2392,80,0.0825,897,0.9247
2015,609756,3060,277,0.0905,323,0.1056,2914,0.9523
2015,609780,760,104,0.1368,72,0.0947,737,0.9697
2015,610081,557,56,0.1005,36,0.0646,316,0.5673
2015,610177,966,54,0.0559,54,0.0559,262,0.2712
2015,610206,1196,196,0.1639,96,0.0803,1056,0.8829
2015,610053,1274,386,0.3030,129,0.1013,1254,0.9843
2015,610152,409,0,0.0000,50,0.1222,407,0.9951
2015,610539,1032,360,0.3488,128,0.1240,957,0.9273
2015,610355,576,116,0.2014,164,0.2847,498,0.8646
2015,610312,185,0,0.0000,12,0.0649,172,0.9297
2015,610127,888,238,0.2680,94,0.1059,707,0.7962
2015,610046,1417,486,0.3430,164,0.1157,1353,0.9548
2015,609888,192,0,0.0000,23,0.1198,186,0.9688
2015,609935,1261,314,0.2490,130,0.1031,1226,0.9722
2015,610362,365,0,0.0000,53,0.1452,326,0.8932
2015,609928,383,1,0.0026,63,0.1645,373,0.9739
2015,610055,370,0,0.0000,55,0.1486,368,0.9946
2015,609832,637,53,0.0832,97,0.1523,393,0.6170
2015,610244,511,0,0.0000,63,0.1233,506,0.9902
2015,610208,393,1,0.0025,53,0.1349,382,0.9720
2015,609830,620,16,0.0258,65,0.1048,613,0.9887
2015,610011,913,269,0.2946,117,0.1281,705,0.7722
2015,609725,1436,5,0.0035,167,0.1163,1234,0.8593
2015,610257,404,3,0.0074,46,0.1139,399,0.9876
2015,610075,26,0,0.0000,26,1.0000,25,0.9615
2015,610082,1059,1,0.0009,113,0.1067,268,0.2531
2015,610086,293,0,0.0000,53,0.1809,283,0.9659
2015,610385,276,71,0.2572,56,0.2029,271,0.9819
2015,609806,736,4,0.0054,91,0.1236,728,0.9891
2015,400050,485,159,0.3278,84,0.1732,410,0.8454
2015,609783,333,6,0.0180,114,0.3423,277,0.8318
2015,609960,951,136,0.1430,130,0.1367,721,0.7581
2015,609876,913,414,0.4535,74,0.0811,898,0.9836
2015,609952,620,261,0.4210,50,0.0806,597,0.9629
2015,610231,626,17,0.0272,71,0.1134,553,0.8834
2015,609692,1402,0,0.0000,116,0.0827,1296,0.9244
2015,610284,607,392,0.6458,82,0.1351,574,0.9456
2015,609792,1011,359,0.3551,114,0.1128,917,0.9070
2015,609730,1281,187,0.1460,147,0.1148,1120,0.8743
2015,609793,559,0,0.0000,72,0.1288,557,0.9964
2015,609961,407,26,0.0639,38,0.0934,403,0.9902
2015,400170,194,9,0.0464,27,0.1392,165,0.8505
2015,400097,1085,89,0.0820,142,0.1309,989,0.9115
2015,400156,266,0,0.0000,40,0.1504,239,0.8985
2015,400052,1022,4,0.0039,145,0.1419,909,0.8894
2015,400053,645,54,0.0837,97,0.1504,602,0.9333
2015,400098,842,47,0.0558,93,0.1105,725,0.8610
2015,400051,615,46,0.0748,80,0.1301,565,0.9187
2015,400054,929,91,0.0980,100,0.1076,875,0.9419
2015,400055,619,50,0.0808,95,0.1535,526,0.8498
2015,400056,624,30,0.0481,112,0.1795,584,0.9359
2015,400057,887,48,0.0541,97,0.1094,781,0.8805
2015,400157,263,6,0.0228,66,0.2510,254,0.9658
2015,400106,848,8,0.0094,153,0.1804,805,0.9493
2015,400118,463,16,0.0346,90,0.1944,440,0.9503
2015,400117,647,1,0.0015,129,0.1994,555,0.8578
2015,400169,286,41,0.1434,30,0.1049,273,0.9545
2015,609810,1078,331,0.3071,127,0.1178,835,0.7746
2015,400058,411,3,0.0073,64,0.1557,396,0.9635
2015,400059,410,0,0.0000,52,0.1268,398,0.9707
2015,610354,361,181,0.5014,66,0.1828,336,0.9307
2015,609691,923,198,0.2145,147,0.1593,900,0.9751
2015,609749,1050,6,0.0057,65,0.0619,432,0.4114
2015,609744,270,64,0.2370,270,1.0000,237,0.8778
2015,610051,567,143,0.2522,59,0.1041,557,0.9824
2015,610099,381,11,0.0289,52,0.1365,88,0.2310
2015,610529,752,52,0.0691,85,0.1130,372,0.4947
2015,610201,839,84,0.1001,88,0.1049,459,0.5471
2015,610300,381,3,0.0079,47,0.1234,375,0.9843
2015,609997,228,1,0.0044,32,0.1404,227,0.9956
2015,610569,145,0,0.0000,24,0.1655,48,0.3310
2015,610570,167,7,0.0419,31,0.1856,165,0.9880
2015,610571,401,6,0.0150,79,0.1970,387,0.9651
2015,610105,689,55,0.0798,69,0.1001,180,0.2612
2015,610329,598,181,0.3027,68,0.1137,579,0.9682
2015,610389,458,15,0.0328,100,0.2183,435,0.9498
2015,609811,296,34,0.1149,74,0.2500,292,0.9865
2015,610367,739,6,0.0081,120,0.1624,722,0.9770
2015,610059,664,25,0.0377,58,0.0873,175,0.2636
2015,610021,497,66,0.1328,70,0.1408,487,0.9799
2015,610115,384,0,0.0000,25,0.0651,384,1.0000
2015,610116,316,0,0.0000,41,0.1297,312,0.9873
2015,610557,298,11,0.0369,44,0.1477,266,0.8926
2015,610568,307,23,0.0749,62,0.2020,287,0.9349
2015,400173,211,15,0.0711,25,0.1185,191,0.9052
2015,609988,659,327,0.4962,67,0.1017,634,0.9621
2015,610003,456,2,0.0044,56,0.1228,419,0.9189
2015,609676,1034,5,0.0048,195,0.1886,1019,0.9855
2015,610146,279,0,0.0000,27,0.0968,278,0.9964
2015,609707,295,0,0.0000,79,0.2678,295,1.0000
2015,610386,140,12,0.0857,25,0.1786,136,0.9714
2015,609762,871,1,0.0011,169,0.1940,823,0.9449
2015,609791,522,1,0.0019,59,0.1130,515,0.9866
2015,400062,449,0,0.0000,86,0.1915,426,0.9488
2015,400066,572,1,0.0017,111,0.1941,533,0.9318
2015,400064,384,2,0.0052,55,0.1432,351,0.9141
2015,400061,641,0,0.0000,111,0.1732,617,0.9626
2015,610145,852,309,0.3627,159,0.1866,772,0.9061
2015,609867,589,355,0.6027,86,0.1460,576,0.9779
2015,610147,761,288,0.3784,101,0.1327,639,0.8397
2015,609777,309,88,0.2848,38,0.1230,298,0.9644
2015,610090,531,11,0.0207,38,0.0716,307,0.5782
2015,609981,333,107,0.3213,77,0.2312,328,0.9850
2015,610304,501,16,0.0319,49,0.0978,479,0.9561
2015,610013,421,162,0.3848,112,0.2660,388,0.9216
2015,400068,487,0,0.0000,55,0.1129,478,0.9815
2015,400069,426,1,0.0023,57,0.1338,398,0.9343
2015,610135,1029,123,0.1195,127,0.1234,863,0.8387
2015,400070,222,4,0.0180,23,0.1036,182,0.8198
2015,400109,250,0,0.0000,30,0.1200,240,0.9600
2015,400071,512,4,0.0078,54,0.1055,459,0.8965
2015,610138,912,182,0.1996,79,0.0866,744,0.8158
2015,609842,1165,563,0.4833,94,0.0807,1155,0.9914
2015,609902,492,0,0.0000,43,0.0874,487,0.9898
2015,610141,527,80,0.1518,56,0.1063,245,0.4649
2015,609769,133,32,0.2406,133,1.0000,122,0.9173
2015,609903,1452,730,0.5028,142,0.0978,1412,0.9725
2015,610291,885,266,0.3006,100,0.1130,857,0.9684
2015,610239,645,304,0.4713,60,0.0930,643,0.9969
2015,610102,481,0,0.0000,55,0.1143,476,0.9896
2015,610561,338,6,0.0178,13,0.0385,301,0.8905
2015,609702,57,0,0.0000,10,0.1754,56,0.9825
2015,610234,601,164,0.2729,163,0.2712,586,0.9750
2015,609695,1132,138,0.1219,159,0.1405,1056,0.9329
2015,610350,469,3,0.0064,32,0.0682,401,0.8550
2015,609929,497,140,0.2817,55,0.1107,492,0.9899
2015,609979,1396,338,0.2421,93,0.0666,1253,0.8976
2015,609956,477,172,0.3606,53,0.1111,414,0.8679
2015,610391,1175,14,0.0119,57,0.0485,793,0.6749
2015,610252,432,5,0.0116,119,0.2755,426,0.9861
2015,609759,733,78,0.1064,166,0.2265,706,0.9632
2015,610029,262,131,0.5000,67,0.2557,246,0.9389
2015,609733,574,177,0.3084,123,0.2143,544,0.9477
2015,610091,312,0,0.0000,45,0.1442,300,0.9615
2015,610282,385,12,0.0312,85,0.2208,379,0.9844
2015,609826,576,147,0.2552,84,0.1458,571,0.9913
2015,610056,422,0,0.0000,57,0.1351,419,0.9929
2015,400096,692,197,0.2847,59,0.0853,590,0.8526
2015,610027,370,2,0.0054,62,0.1676,329,0.8892
2015,610250,374,154,0.4118,70,0.1872,311,0.8316
2015,609995,561,137,0.2442,81,0.1444,375,0.6684
2015,609853,469,206,0.4392,86,0.1834,455,0.9701
2015,610558,645,23,0.0357,99,0.1535,563,0.8729
2015,610155,574,99,0.1725,61,0.1063,198,0.3449
2015,609805,460,0,0.0000,67,0.1457,452,0.9826
2015,609968,730,260,0.3562,90,0.1233,716,0.9808
2015,610157,1808,675,0.3733,116,0.0642,1766,0.9768
2015,609750,70,2,0.0286,14,0.2000,70,1.0000
2015,610521,300,1,0.0033,30,0.1000,290,0.9667
2015,610534,418,0,0.0000,21,0.0502,74,0.1770
2015,610226,1145,524,0.4576,77,0.0672,1115,0.9738
2015,609990,908,73,0.0804,38,0.0419,305,0.3359
2015,610530,486,1,0.0021,85,0.1749,435,0.8951
2015,610547,669,0,0.0000,68,0.1016,594,0.8879
2015,609745,206,18,0.0874,206,1.0000,195,0.9466
2015,610183,800,1,0.0013,97,0.1213,794,0.9925
2015,610357,183,43,0.2350,31,0.1694,180,0.9836
2015,610548,392,66,0.1684,18,0.0459,169,0.4311
2015,609880,289,3,0.0104,17,0.0588,41,0.1419
2015,609933,400,91,0.2275,64,0.1600,389,0.9725
2015,609976,1006,431,0.4284,112,0.1113,917,0.9115
2015,609724,1579,333,0.2109,170,0.1077,1437,0.9101
2015,610191,629,102,0.1622,64,0.1017,333,0.5294
2015,610405,419,22,0.0525,43,0.1026,254,0.6062
2015,610249,442,193,0.4367,62,0.1403,420,0.9502
2015,610396,1034,308,0.2979,99,0.0957,1002,0.9691
2015,610506,378,0,0.0000,81,0.2143,370,0.9788
2015,609921,312,206,0.6603,57,0.1827,297,0.9519
2015,400116,258,1,0.0039,31,0.1202,249,0.9651
2015,609991,589,3,0.0051,68,0.1154,539,0.9151
2015,609728,1357,293,0.2159,229,0.1688,1311,0.9661
2015,610178,210,0,0.0000,44,0.2095,202,0.9619
2015,609794,277,4,0.0144,13,0.0469,42,0.1516
2015,609987,262,6,0.0229,46,0.1756,253,0.9656
2015,609851,365,2,0.0055,46,0.1260,363,0.9945
2015,609896,352,23,0.0653,26,0.0739,113,0.3210
2015,610002,241,0,0.0000,31,0.1286,218,0.9046
2015,610295,338,1,0.0030,39,0.1154,318,0.9408
2015,610220,625,78,0.1248,55,0.0880,279,0.4464
2015,609715,2290,471,0.2057,320,0.1397,2205,0.9629
2015,610321,108,19,0.1759,19,0.1759,106,0.9815
2015,609895,306,0,0.0000,44,0.1438,241,0.7876
2015,400078,352,0,0.0000,36,0.1023,311,0.8835
2015,400075,566,4,0.0071,31,0.0548,392,0.6926
2015,400076,342,2,0.0058,19,0.0556,273,0.7982
2015,400077,650,1,0.0015,106,0.1631,554,0.8523
2015,400112,576,251,0.4358,37,0.0642,569,0.9878
2015,400081,287,114,0.3972,26,0.0906,278,0.9686
2015,400082,574,215,0.3746,61,0.1063,544,0.9477
2015,400120,576,207,0.3594,46,0.0799,526,0.9132
2015,400083,413,166,0.4019,34,0.0823,408,0.9879
2015,400121,729,266,0.3649,94,0.1289,697,0.9561
2015,400084,289,132,0.4567,31,0.1073,281,0.9723
2015,400101,552,251,0.4547,50,0.0906,548,0.9928
2015,400153,519,255,0.4913,53,0.1021,514,0.9904
2015,400114,276,125,0.4529,47,0.1703,263,0.9529
2015,400085,666,96,0.1441,87,0.1306,634,0.9520
2015,400089,569,259,0.4552,38,0.0668,555,0.9754
2015,400080,638,245,0.3840,49,0.0768,593,0.9295
2015,400079,637,221,0.3469,46,0.0722,607,0.9529
2015,400149,637,133,0.2088,71,0.1115,629,0.9874
2015,610394,326,18,0.0552,85,0.2607,313,0.9601
2015,400086,477,0,0.0000,100,0.2096,386,0.8092
2015,400105,479,0,0.0000,79,0.1649,396,0.8267
2015,400102,418,1,0.0024,87,0.2081,373,0.8923
2015,610504,176,59,0.3352,57,0.3239,154,0.8750
2015,609944,347,76,0.2190,34,0.0980,240,0.6916
2015,610518,254,5,0.0197,50,0.1969,251,0.9882
2015,610363,1663,205,0.1233,129,0.0776,1079,0.6488
2015,610095,573,28,0.0489,79,0.1379,379,0.6614
2015,609680,901,4,0.0044,58,0.0644,309,0.3430
2015,609955,359,0,0.0000,58,0.1616,355,0.9889
2015,609855,365,148,0.4055,218,0.5973,339,0.9288
2015,610179,1019,236,0.2316,85,0.0834,826,0.8106
2015,610121,460,35,0.0761,71,0.1543,427,0.9283
2015,609740,546,56,0.1026,140,0.2564,520,0.9524
2015,610032,329,0,0.0000,46,0.1398,308,0.9362
2015,609727,614,4,0.0065,114,0.1857,595,0.9691
2015,609978,362,0,0.0000,32,0.0884,354,0.9779
2015,610100,630,178,0.2825,76,0.1206,625,0.9921
2015,610542,738,319,0.4322,66,0.0894,673,0.9119
2015,609755,2209,24,0.0109,155,0.0702,917,0.4151
2015,610230,428,43,0.1005,52,0.1215,87,0.2033
2015,610251,380,0,0.0000,53,0.1395,376,0.9895
2015,610101,860,103,0.1198,72,0.0837,172,0.2000
2015,610109,252,2,0.0079,23,0.0913,161,0.6389
2015,610143,246,0,0.0000,31,0.1260,242,0.9837
2015,609945,764,285,0.3730,94,0.1230,714,0.9346
2015,610364,212,5,0.0236,31,0.1462,208,0.9811
2015,609884,846,249,0.2943,105,0.1241,536,0.6336
2015,609967,470,164,0.3489,99,0.2106,467,0.9936
2015,609994,1166,433,0.3714,133,0.1141,1135,0.9734
2015,609812,247,4,0.0162,70,0.2834,244,0.9879
2015,610136,328,55,0.1677,44,0.1341,184,0.5610
2015,610142,730,94,0.1288,93,0.1274,443,0.6068
2015,610153,376,1,0.0027,90,0.2394,359,0.9548
2015,610167,817,342,0.4186,79,0.0967,816,0.9988
2015,609734,3233,194,0.0600,392,0.1212,1979,0.6121
2015,609698,952,76,0.0798,187,0.1964,886,0.9307
2015,610104,652,71,0.1089,83,0.1273,268,0.4110
2015,609678,1432,33,0.0230,126,0.0880,648,0.4525
2015,610193,501,43,0.0858,101,0.2016,497,0.9920
2015,609949,1262,323,0.2559,156,0.1236,1181,0.9358
2015,610097,986,494,0.5010,77,0.0781,968,0.9817
2015,610123,380,30,0.0789,105,0.2763,353,0.9289
2015,609711,349,1,0.0029,89,0.2550,344,0.9857
2015,610172,360,2,0.0056,28,0.0778,358,0.9944
2015,609844,446,0,0.0000,45,0.1009,444,0.9955
2015,610308,110,41,0.3727,100,0.9091,93,0.8455
2015,610574,150,1,0.0067,8,0.0533,145,0.9667
2015,610088,793,293,0.3695,88,0.1110,780,0.9836
2015,609977,215,0,0.0000,11,0.0512,208,0.9674
2015,610392,341,65,0.1906,45,0.1320,340,0.9971
2015,400123,195,0,0.0000,32,0.1641,194,0.9949
2015,400124,174,0,0.0000,32,0.1839,160,0.9195
2015,400125,166,35,0.2108,32,0.1928,164,0.9880
2015,400126,150,12,0.0800,23,0.1533,150,1.0000
2015,400127,180,1,0.0056,33,0.1833,168,0.9333
2015,400128,180,0,0.0000,41,0.2278,179,0.9944
2015,400129,137,0,0.0000,18,0.1314,116,0.8467
2015,400150,192,0,0.0000,34,0.1771,178,0.9271
2015,400130,250,0,0.0000,47,0.1880,247,0.9880
2015,400131,170,10,0.0588,40,0.2353,165,0.9706
2015,400133,323,1,0.0031,57,0.1765,307,0.9505
2015,400134,207,18,0.0870,30,0.1449,188,0.9082
2015,400135,213,35,0.1643,32,0.1502,209,0.9812
2015,400136,190,2,0.0105,26,0.1368,172,0.9053
2015,400139,342,0,0.0000,62,0.1813,341,0.9971
2015,400141,213,11,0.0516,24,0.1127,198,0.9296
2015,400142,139,3,0.0216,24,0.1727,128,0.9209
2015,400143,160,10,0.0625,27,0.1688,154,0.9625
2015,400144,172,2,0.0116,46,0.2674,171,0.9942
2015,400145,250,0,0.0000,51,0.2040,242,0.9680
2015,400087,336,2,0.0060,70,0.2083,293,0.8720
